INSERT INTO drivers (first_name, last_name, driver_email, phone_number, passkey)
VALUES  ('Richard', 'Sanchez', 'pbartoletti@hotmail.com', 1000000499, 'kEAwSmGJXMhlvlMcXn'),
		('Matthew', 'Liu', 'avis72@hotmail.com', 1000000002, 'b6mu7bGVJgbrirMHHq'),
		('Alison', 'Thomas', 'miller.janet@gmail.com', 1000000003, 'OTJiy3M0kub8mmjjad'),
		('Kayla', 'Payne', 'cathrine14@schultz.info', 1000000004, 'ZFWWADUvtC33S3xTFn'),
		('Jennifer', 'Armstrong', 'runte.colton@gulgowski.com', 1000000005, 'D4AlDQCSac7kk3lWYW'),
		('Ricky', 'Page', 'ywunsch@kshlerin.biz', 1000000006, 'cShCzR7UWGeBKsehiQ'),
		('Marco', 'Luna', 'pouros.eriberto@gmail.com', 1000000007, 'JsbRLLqkC1kFrMAH8E'),
		('Mr.', 'Jorge', 'nikolaus.letitia@balistreri.com', 1000000008, 'cGKPoQhsh0oDRkd6CA'),
		('Matthew', 'Rivers', 'schulist.granville@gmail.com', 1000000009, 'aY0ne6P7YK0NwvJLT5'),
		('Ruth', 'Hill', 'gutkowski.rhiannon@dicki.biz', 1000000011, 'EubDKxqrJQQPmqAB9L'),
		('Emma', 'Patton', 'conroy.ben@ernser.info', 1000000012, 'kqgaiiySyq14LnyO4H'),
		('Joseph', 'Villa', 'breitenberg.willard@gmail.com', 1000000013, 'aF7ryqxmGreMZWPxqe'),
		('Jason', 'Flores', 'braxton.leuschke@bechtelar.info', 1000000014, 'alL4ZcaGZhQeL5VamO'),
		('Jennifer', 'Munoz', 'mitchell.watsica@hotmail.com', 1000000015, 'JjVL133y2E01bxoFho'),
		('William', 'Lee', 'gdurgan@gmail.com', 1000000016, '3lcXjVVc0o32ZoJKVM'),
		('Amanda', 'Johnson', 'jlittle@schuppe.com', 1000000017, 't5n4koGSEU9kCASNjJ'),
		('Ashley', 'Kim', 'kay.altenwerth@gmail.com', 1000000018, 'D15nhxwyynhp4EQAav'),
		('Kyle', 'Mcpherson', 'feeney.jarrell@hintz.info', 1000000019, '6I320wDbgc4oj5AQeD'),
		('Adam', 'King', 'della.krajcik@bahringer.net', 1000000020, 'QS6L0sxRBYnaMTyH6l'),
		('Carrie', 'Mills', 'omayert@kunde.com', 1000000021, 'EowdBT4P9h2Cq57fEo'),
		('Billy', 'Banks', 'rodger.rogahn@hahn.com', 1000000022, 'jDYuMdhofm4bcLdY04'),
		('Melissa', 'Myers', 'myra.weber@yahoo.com', 1000000023, '6yHcu4aVU9QnKz6lfs'),
		('Jennifer', 'Ochoa', 'randal.price@hintz.org', 1000000024, 'GXQKEGAnorFwc7pV1i'),
		('Marissa', 'Smith', 'eichmann.baron@sanford.com', 1000000025, 'pd2UevAGnSszI6HnBi'),
		('Jillian', 'Butler', 'xbalistreri@yahoo.com', 1000000026, 'Rs1vh4j1wMlYnNhLWW'),
		('Shelia', 'Turner', 'klocko.sylvan@schuppe.com', 1000000027, 'A2JBEVjt1SS4b66IYS'),
		('Morgan', 'Willis', 'deckow.myrtle@gmail.com', 1000000028, 'xe0QWS01phonFYqHyV'),
		('Matthew', 'Harmon', 'norberto.waters@yahoo.com', 1000000029, 'EhSzzmOYj6Qpz9jv1K'),
		('Andrea', 'Schroeder', 'harmony.steuber@nikolaus.biz', 1000000030, 'PHynPk66qnY3x3R6Ez'),
		('Michael', 'Jenkins', 'cronin.allie@yahoo.com', 1000000031, 'gxyqb1l59wFkccU0fW'),
		('Zachary', 'Bartlett', 'jast.tito@yahoo.com', 1000000032, 'oT0j1bi6MsDRP6M7MC'),
		('Mary', 'Garza', 'qflatley@emard.com', 1000000033, 'PH6RZpZhIyVDv11vF8'),
		('Lisa', 'Smith', 'eldora.gorczany@hotmail.com', 1000000034, 'uzvRlLDMjTCVdrfRmY'),
		('Nathan', 'Maxwell', 'evan59@hotmail.com', 1000000035, 'gq0MOQnKJLnDjhN8Zx'),
		('Rebecca', 'James', 'aurelie92@prosacco.com', 1000000036, '3DK3FRdovVMlGhx4JG'),
		('Jamie', 'Wise', 'cschiller@yahoo.com', 1000000037, 'G7WFi31Xc1KLB9wCLs'),
		('Derrick', 'Pruitt', 'sdamore@yahoo.com', 9999999987, '7XYStUcoqPub7w2knc'),
		('Christian', 'Dixon', 'damore.leora@yahoo.com', 1000000039, 'xtIh9DxdKPdZ0TikrF'),
		('Jennifer', 'Nolan', 'merl.nitzsche@yahoo.com', 1000000040, 'm61QHF13JZL99Xu8Tg'),
		('Garrett', 'Lawrence', 'ycruickshank@cummerata.com', 1000000041, 'Lo9nglDWf1q7vh24cl'),
		('Matthew', 'Rose', 'jarrell00@maggio.com', 1000000042, '7vaZ1N6rxk01ZwoBsh'),
		('Daniel', 'Hernandez', 'ttoy@robel.com', 1000000043, '4p5qHJEm3nnzc6uNKu'),
		('Deborah', 'Vasquez', 'wilford.rath@huels.com', 1000000044, '3fSWLaGC9wSHNtpnkf'),
		('Angela', 'Higgins', 'lstiedemann@gmail.com', 1000000045, 'CJZRkDhwuDZCT85Ccf'),
		('Michaela', 'Morrow', 'wdavis@gorczany.com', 1000000046, 'jW6F5xWPqF0g6rlQO1'),
		('William', 'Nelson', 'gulgowski.ernie@russel.biz', 1000000047, 'trdPNRvQSKWYDHrnJr'),
		('Donald', 'Foster', 'jack54@yahoo.com', 1000000048, 'BLqtqMZ4kgD3KL4e8E'),
		('Alexis', 'Horne', 'quinn.cronin@grimes.biz', 1000000049, 'K9Er45FdJeYvNz0b9K'),
		('Terry', 'Jackson', 'baby.mohr@kuhic.com', 1000000050, 'TWjpqJcnGgRsrHLXF4'),
		('Hailey', 'Reed', 'yjohnston@gmail.com', 1000000051, 'R1NzWkHRn4wGQHEOXj'),
		('Marco', 'Roberson', 'sage.collins@hamill.biz', 1000000052, '5S1WmbkV5JVsYe7zUZ'),
		('Kevin', 'Harvey', 'delpha.nolan@crona.biz', 1000000053, 'zto55LR9LUF8Txc5HM'),
		('Rachel', 'Cunningham', 'mante.telly@hotmail.com', 1000000054, 'C6NM9QcgCtK7jf8qjd'),
		('Meredith', 'West', 'stiedemann.rhoda@hotmail.com', 1000000055, 'kclSYDS9KXvCNaQrpl'),
		('Michelle', 'Clarke', 'angela62@olson.org', 1000000056, 'ZhsRuNUXmiHHTxCldv'),
		('Bryan', 'Padilla', 'keely.heller@romaguera.com', 1000000057, 'PH9o2wVpfZEdO08Vo3'),
		('Gregory', 'Flores', 'kaela.pfannerstill@yahoo.com', 1000000058, '4HHKR6J8sxTqdJQlb5'),
		('Curtis', 'Mitchell', 'estella.cole@wilkinson.org', 1000000059, '7XSBs3DrwS6KZvIdza'),
		('Robert', 'Shaw', 'zetta38@yahoo.com', 1000000060, 'MxtpfKHLpQvRWdpR45'),
		('Keith', 'Stone', 'cruickshank.sterling@anderson.net', 1000000061, '0SCF4JyDHIu1ulsvxZ'),
		('Marcus', 'Wheeler', 'dkulas@crooks.com', 1000000062, '9WlOW5vzjC4dHInYB9'),
		('Nicole', 'Bowers', 'gtorphy@rodriguez.info', 1000000063, 'MBy0KxKqjSO07H5oSi'),
		('Jason', 'Haney', 'sabryna21@yahoo.com', 1000000064, 'Ud52kJVFvLiKDVUWLe'),
		('Donald', 'Page', 'juvenal.ratke@kuvalis.biz', 1000000065, 'x8hZQEknfr0ym9C1It'),
		('Amy', 'Mccoy', 'ivory.shields@hotmail.com', 1000000066, 'ExEDAvHOT2jIeX1612'),
		('Melissa', 'Hall', 'alycia.hoppe@aufderhar.com', 1000000067, 'NoDqb3CFkbpnbFndZr'),
		('Brian', 'Moore', 'grady.cooper@gmail.com', 1000000068, 'OjLpBh6n6gE3rLyu92'),
		('Andrea', 'Watts', 'larkin.nolan@raynor.com', 1000000069, 'x8uZjKz1uBcmkBkjw3'),
		('Scott', 'Warner', 'kathleen.brakus@yahoo.com', 1000000070, 'uv1h6OU8VUCG5mtlnC'),
		('Stacy', 'Peterson', 'gaston40@yahoo.com', 1000000071, 'XJgCSqiVP1gABKDW1c'),
		('Dale', 'Newton', 'ganderson@kuphal.org', 1000000093, 'nPDr0TXbNy641vdzny'),
		('Carol', 'Savage', 'blangworth@hotmail.com', 1000000094, '2bvjU1Dx9VtYhdgZ4v'),
		('Anthony', 'Kelley', 'emile38@mraz.info', 1000000095, '8p7JX3Rhe7KW4oxZKz'),
		('Tom', 'Cook', 'micheal.heller@gmail.com', 1000000096, '3wdzWSc3OlhbyVxxw5'),
		('Edwin', 'Ritter', 'elvie78@hotmail.com', 1000000097, '8XGf1dZYwusdowxhJ9'),
		('Kelsey', 'Cameron', 'bernita81@yahoo.com', 1000000098, 'MXka2jPxlp2pjov6UJ'),
		('Alan', 'Ortiz', 'laura.breitenberg@kirlin.net', 1000000099, '0h9koXjwWrt7oXruZg'),
        ('Amber', 'Chaudhry', 'mna50@yahoo.com', 9000000200, 'iGr7AMHRgo'),
		('Raghuvir', 'Nandkeolyar', 'iynas_asar15@yahoo.com', 9000000201, 'Rt2IUHv2OG'),
		('Ashok', 'Paveljit', 'fatmh90@yahoo.com', 9000000202, 'PdNjAVQbog'),
		('Vijanyendra', 'Nelagadde', 'rqyh_hazm32@gmail.com', 9000000203, 'wCavkZ9zwK'),
		('Om', 'Milind', 'hsn_salm28@gmail.com', 9000000204, 'qsDpDRtOKe'),
		('Himnish', 'Sreevijayan', 'dana_aarf@gmail.com', 9000000205, 'HLd9z1cCfH'),
		('Faraz', 'Satyanarayana', 'aayh_slah16@hotmail.com', 9000000206, 'GcKzM2MTZS'),
		('Kailas', 'Taksa', 'iynas91@hotmail.com', 9000000207, 'tMi848t0kk'),
		('Ritvik', 'Kuruvilla', 'zynb34@yahoo.com', 9000000208, '0goRgFJ3h0'),
		('Shatrughna', 'Sophia', 'hazm75@hotmail.com', 9000000209, 'tQEmUWGehh'),
		('Rasaraj', 'Vidyarthi', 'aadm10@gmail.com', 9000000210, 'uclZlKCMkU'),
		('Sagun', 'Saidullah', 'sayd18@gmail.com', 9000000211, 'rzhhHOlVFE'),
		('Puneet', 'Nath', 'rna40@gmail.com', 9000000212, 'kD23YQa4VY'),
		('Uttar', 'Viraj', 'fryd.farwq80@yahoo.com', 9000000213, 'U96raOcZ6y'),
		('Amaanath', 'Tasneem', 'rbya75@gmail.com', 9000000214, 'NL5tPjs6Xo'),
		('Sunasi', 'Praveenkumar', 'mna_aqyl@hotmail.com', 9000000215, 'sMvhr7M9lg'),
		('Jawahar', 'Thangavadivelu', 'abyr73@gmail.com', 9000000216, 'M44d6NvnQ2'),
		('Udayan', 'Edulbehram', 'sayd_blal@yahoo.com', 9000000217, 'WwYmZapZuL'),
		('Sumanta', 'Sreedevan', 'aadm.azyz17@hotmail.com', 9000000218, 'NqA4fjkI7S'),
		('Sukrit', 'Salim', 'salm_aashwr@gmail.com', 9000000219, 'Npei9NEb2y'),
		('Ananga', 'Ramadhin', 'asamh25@gmail.com', 9000000220, 'LFOPXV2z2g'),
		('Kedarnath', 'Pramsu', 'iyhab_aashwr69@yahoo.com', 9000000221, 'cka0HJXv73'),
        ('Anant', 'Kriti', 'sayd_hashm15@hotmail.com', 9000000223, 'UA7KF44o0J'),
        ('Ekanga', 'Nirav', 'hajr3@yahoo.com', 9000000222, 'SqqXkcw2ce');

INSERT INTO admins (admin_email, admin_passkey, username)
VALUES  ('ngocvy89@yahoo.com', 'J8cOCXo1my', 'Consilience'),
        ('triminh.le46@gmail.com', 'JKM7t75A92', 'Blatherskite'),
        ('baothuy74@gmail.com', 'jKelzdU2KB', 'Helicograph'),
        ('vuongviet.vuong93@yahoo.com', 'oV4wbQlEw9', 'Manifesto'),
        ('thanhdoanh.vu22@gmail.com', 'L2GSRRAxoq', 'Anachoric'),
        ('aivan32@yahoo.com', 'VEaSNA9hnJ', 'Troglodyte'),
        ('hoangoanh25@gmail.com', 'HndRTvzo3j', 'Erotogenic'),
        ('duycuong_phan25@hotmail.com', '9gMTVag9tt', 'Hijinks'),
        ('viethuong90@yahoo.com', 'dFki2sFdyV', 'Exuviate'),
        ('dongtra_pham@hotmail.com', 'veszR8laR9', 'Murmuration'),
        ('haiuyen.phan@hotmail.com', 'KCoRj2XJcf', 'Incrassate'),
        ('nhungoc.vu23@gmail.com', 'rKKHyuVHmF', 'ProfanYoyo'),
        ('quangtuan_pham@hotmail.com', 'zDU4cZpFrr', 'Antapology'),
        ('nghixuan_vuong42@gmail.com', 'WxaD4VWTsL', 'Didgeridoo'),
        ('khanhdan.ha@gmail.com', 'yuhqNTAIvM', 'Thrutch'),
        ('danhson.nguyen@gmail.com', 'ZrlnZOTgqK', 'Schmaltzy'),
        ('tamnhi.lam80@hotmail.com', 'VgF2X0ktFE', 'Imparlance'),
        ('ngockhanh_tran70@gmail.com', '8W5xMKz1mP', 'Chatterbox'),
        ('dinhnguyen.dao@hotmail.com', 'FlPvUT4Dac', 'Surficial'),
        ('aihong71@gmail.com', 'muzfNuqs1e', 'FelskeAdagio'),
        ('nhuquan12@gmail.com', 'rNPLbYSu4h', 'Ankyroid'),
        ('khactuan.tran9@yahoo.com', '0Z1rIedNGU', 'Chase32Klops'),
        ('vienthong44@gmail.com', 'RiITle2XzY', 'Eusuchian'),
        ('vanha85@gmail.com', 'dXS347OYim', 'Didymous'),
        ('khoatruong78@yahoo.com', 'vYpA9rUrjW', 'Yeanling'),
        ('thienthanh.ly@yahoo.com', 'BE7V6s5hIk', 'CakinSpry'),
        ('lamvien83@gmail.com', 'rkfGAsEum4', 'DowndwarfUrent'),
        ('annhan_trinh@yahoo.com', 'ewV5fXrYIJ', 'Gobsmacked'),
        ('thienmy.duong61@hotmail.com', 'AOfUBKQ1bY', 'Retronym'),
        ('mongnhi.bui18@yahoo.com', 'yWCdJkG1AZ', 'Mudpuppy'),
        ('minhphuong.vu29@yahoo.com', 'gqnxzgtQeq', 'SwinfordFetial'),
        ('vietphuong.truong27@hotmail.com', 'xdzkdrbkpB', 'Interrobang'),
        ('hoangnam7@hotmail.com', '2FFyKyASlZ', 'Postulant'),
        ('minhgiang65@yahoo.com', 'coq2pYGASd', 'Cockatoo'),
        ('tuyetxuan18@yahoo.com', 'jFrkmc1gkp', 'Perforate'),
        ('quechi.tran@hotmail.com', 'zzJLLL8TKF', 'Svengali'),
        ('thanhdoan.do73@yahoo.com', 'D25KqERsCp', 'Toxicogenic'),
        ('thuminh.nguyen@hotmail.com', 'aD6zIW5BB8', 'Buccaneer'),
        ('phikhanh_le@hotmail.com', 'SUTSIxuJmn', 'Ecclesiology'),
        ('thuyuyen_lam@yahoo.com', 'p89p1ZzGPG', 'Pink_immEgads'),
        ('kimdan96@hotmail.com', '1yohSAeSJN', 'Homophobia'),
        ('thuanphong.phan8@gmail.com', 'wy3BsHyDwu', 'Kinkajou'),
        ('diemhanh_vu@gmail.com', 'CwidgBAxV8', 'Zoolatry'),
        ('thangcanh.ha@hotmail.com', 'qSJam2ilGm', 'Hornswoggle'),
        ('mylan_pham64@gmail.com', 'vvxx0DT9f7', 'Kalamkari'),
        ('xuannuong33@hotmail.com', 'fsDZ0HY0wj', 'Dodecahedron'),
        ('nhatmai.dang0@yahoo.com', '7WemqBdRec', 'Querlnonv'),
        ('minhky.vuong29@gmail.com', 'ogHftUuXr2', 'Phylactery'),
        ('minhhong81@gmail.com', '9Kxjo2JSqx', 'Limnetic'),
        ('minhkhanh12@hotmail.com', 'wvIPmd4gHn', 'Bosoms'),
        ('anha94@hotmail.com', '74Jqz7fxZf', 'Sciurine'),
        ('huongduong_vu52@hotmail.com', 'vF1DIzbVJl', 'Gallivant'),
        ('khanhvan_tang@yahoo.com', 'WMgsDWOez6', 'Obtesthnurr'),
        ('nghiquyen32@yahoo.com', 'ZI44P6fZu0', 'Footloose'),
        ('ngoclam82@yahoo.com', '2lhD5TsZ0t', 'Uranophobia'),
        ('dinhtrung.tran88@hotmail.com', 'v6pIxp2Out', 'Champu'),
        ('uyentram_truong17@gmail.com', 'b2UvaCLP0i', 'Aftergame'),
        ('hoangminh.vuong@gmail.com', 'SNkCTRzGWW', 'Crapulence'),
        ('phuckhang89@hotmail.com', '2fpoZE3zxE', 'Rottack'),
        ('thienngon49@hotmail.com', 'MY19Sn3ae3', 'Leukoplakia'),
        ('lehoa7@gmail.com', 'XavEgQIyLX', 'Fellyboy001'),
        ('xuanloc84@hotmail.com', 'FpZ6GpwuuL', 'Lollygag'),
        ('hoatranh2@gmail.com', 'zqHCD6mNwH', 'Undeify'),
        ('mytam34@hotmail.com', 'SggprbIkjE', 'Typhoon'),
        ('nguyetuyen_trinh8@yahoo.com', '8m22h0Lf0s', 'Toplofty'),
        ('hoangmien.tang@hotmail.com', 'W8HJl3HqW5', 'Flyspeck'),
        ('quocminh.le@gmail.com', 'GgbCoXV6WG', 'Roachte7000'),
        ('gianguyen_truong41@yahoo.com', 'Rp51Vo39F7', 'Wasabi'),
        ('nhauyen_ly95@gmail.com', '0s5Pliua3n', 'Braggadocio'),
        ('maitam.vuong@yahoo.com', 'KIiO9I1IUE', 'Pogo'),
        ('phuongthao.mai@gmail.com', 'eiTj63saHK', 'Wicketteam_'),
        ('giacanh.duong91@yahoo.com', 'fZ6tDiJCGV', 'Brannigan'),
        ('dieuhang.dao43@gmail.com', 'n8BAEKAFbb', 'Palaver'),
        ('tuanhoang.dao@yahoo.com', 'crAJMZU6O9', 'Barnstorming'),
        ('phuongmai.bui@hotmail.com', 'KdQZ2eyPFf', 'Nidifugous'),
        ('maihien30@hotmail.com', 'HBc7fRVzHT', 'Periwinkle'),
        ('giacan_ha@yahoo.com', 'KAdyWyrcKs', 'Peculiar'),
        ('nhuhao70@yahoo.com', 'ofN8iQkJfj', 'Hunkydory'),
        ('bachyen_dao74@yahoo.com', 'PdDRJfGP8m', 'Sudorhirdw3rd'),
        ('danhthanh_nguyen@gmail.com', 'nfJdjeUYLr', 'Canoodle'),
        ('thuongnghi.ho76@yahoo.com', 'mRnFIZeRpt', 'YouFlagitious'),
        ('kieuhoa10@hotmail.com', 'J31avCVHeu', 'YouScutiger'),
        ('vantrinh.ngo@gmail.com', 'gYU8Q16yHU', 'YouVerticil'),
        ('songlam_dinh@gmail.com', '9PZs2wBr6T', 'YouAcatour'),
        ('thanhtuan.vuong69@hotmail.com', 'XuWKor6wwG', 'YouOvibovine'),
        ('dongtra.ha@gmail.com', '0R1M3FvndG', 'YouZabuton'),
        ('haidang_dang96@hotmail.com', 'j6h13xuQT8', 'YouPossident'),
        ('nhungoc_dang22@hotmail.com', 'TPtdclm0nV', 'YouFabiform'),
        ('dieuthien.bui@yahoo.com', 'CNIYUWtx73', 'YouAverruncate'),
        ('hiennhi_hoang37@gmail.com', 'H4dZyS6UGl', 'YouAudism'),
        ('lienphuong18@hotmail.com', 'AyQ3dBQesM', 'YouAbigail'),
        ('bachdu99@hotmail.com', 'TSK1YkmXwy', 'YouChoanoid'),
        ('ankhang_pham47@gmail.com', 'iQni2a2Tr0', 'YouBarbate'),
        ('hungthinh_duong@gmail.com', 'OiLCAHimda', 'YouHypophora'),
        ('ynhi_to@hotmail.com', '49RrC2gJ1L', 'YouPasquinade'),
        ('thuyhang_pham@gmail.com', 'lPNQ7560Yf', 'YouScrofulous'),
        ('quynhvan.ly92@yahoo.com', 'WVMxAkKMFj', 'YouGuarish'),
        ('kieudung.lam@gmail.com', 'QVSwy0XaWU', 'YouAgersia'),
        ('ngocdan_dao@gmail.com', 'I7IIsWxYkb', 'YouHidrosis'),
        ('hami25@gmail.com', 'l1eVzh3rE8', 'YouArrect');

INSERT INTO vehicle_types (vehicle_type, seating, fuel_type)
VALUES  ('GO', 4, 'CNG'),
		('XL', 7, 'Electric'),
		('SEDAN', 5, 'Diesel'),
		('AUTORICKSHAW', 3, 'Petrol'),
		('MOTORBIKE', 1, 'CNG');
INSERT INTO users (user_email, first_name, last_name, phno, pswd) VALUES ('kathleen4@hotmail.com', 'Michael', 'White', 9383167970, 'tdtrHwUl');
INSERT INTO users (user_email, first_name, last_name, phno, pswd) VALUES ('nya61@hotmail.com', 'James', 'Acevedo', 6637051857, 'yAP9Cb2d');
INSERT INTO users (user_email, first_name, last_name, phno, pswd) VALUES ('jimmie.cummings52@hotmail.com', 'Christopher', 'Burgess', 7686415808, '7H8hSOvO');
INSERT INTO users (user_email, first_name, last_name, phno, pswd) VALUES ('betty.okeefe@gmail.com', 'Brittany', 'Aguilar', 7896349628, 'xbVZ5FR2');
INSERT INTO users (user_email, first_name, last_name, phno, pswd) VALUES ('marques_doyle44@gmail.com', 'Carrie', 'Schaefer', 1522846656, 'oH7TgzcE');
INSERT INTO users (user_email, first_name, last_name, phno, pswd) VALUES ('theo7@yahoo.com', 'Jeffrey', 'Bryant', 1387106215, 'e8lu3Vgd');
INSERT INTO users (user_email, first_name, last_name, phno, pswd) VALUES ('micheal.feeney88@hotmail.com', 'Ashley', 'Nelson', 1541431511, 'OQ9bgTTX');
INSERT INTO users (user_email, first_name, last_name, phno, pswd) VALUES ('elliott_swift@gmail.com', 'Gavin', 'Lee', 4307036273, 'fYNIwggD');
INSERT INTO users (user_email, first_name, last_name, phno, pswd) VALUES ('jerod_cartwright@yahoo.com', 'Rita', 'Davis', 2295305736, 'EpBbatpD');
INSERT INTO users (user_email, first_name, last_name, phno, pswd) VALUES ('wilfred_murazik12@yahoo.com', 'Nicole', 'Vincent', 9976290703, 'BJcHIV3E');
INSERT INTO users (user_email, first_name, last_name, phno, pswd) VALUES ('lura97@yahoo.com', 'Allison', 'Williams', 6595615360, 'aOTAcUW3');
INSERT INTO users (user_email, first_name, last_name, phno, pswd) VALUES ('reggie65@gmail.com', 'Mary', 'Morgan', 8801955025, 'rrdFq2U5');
INSERT INTO users (user_email, first_name, last_name, phno, pswd) VALUES ('ernestine44@hotmail.com', 'Melissa', 'Jenkins', 3023813357, '8NetQJaE');
INSERT INTO users (user_email, first_name, last_name, phno, pswd) VALUES ('roxane53@yahoo.com', 'Christopher', 'Hernandez', 4786512469, '1QzMjKb6');
INSERT INTO users (user_email, first_name, last_name, phno, pswd) VALUES ('ilene_greenholt94@yahoo.com', 'Katherine', 'Martin', 2111926971, 'GmCn5wJu');
INSERT INTO users (user_email, first_name, last_name, phno, pswd) VALUES ('florine_hane@gmail.com', 'Melanie', 'Wilkinson', 1735314319, 'mdv6lS3E');
INSERT INTO users (user_email, first_name, last_name, phno, pswd) VALUES ('jermain.hermann54@yahoo.com', 'Vincent', 'Newton', 7100332091, 'Nz09CSvL');
INSERT INTO users (user_email, first_name, last_name, phno, pswd) VALUES ('krystina_fay@hotmail.com', 'Jennifer', 'Martinez', 6866282541, 'RS1gPwg3');
INSERT INTO users (user_email, first_name, last_name, phno, pswd) VALUES ('perry_macejkovic@gmail.com', 'Kara', 'Brown', 1361069552, 'nQxo20Bb');
INSERT INTO users (user_email, first_name, last_name, phno, pswd) VALUES ('jacinthe.krajcik81@hotmail.com', 'Caitlin', 'Cannon', 8144455822, 'm9TM8Ved');
INSERT INTO users (user_email, first_name, last_name, phno, pswd) VALUES ('hassan83@gmail.com', 'Mario', 'Diaz', 2331982324, 'WSjWhTNO');
INSERT INTO users (user_email, first_name, last_name, phno, pswd) VALUES ('elenor80@yahoo.com', 'Michelle', 'Neal', 3719239285, 'CGV6V95O');
INSERT INTO users (user_email, first_name, last_name, phno, pswd) VALUES ('norris.koelpin98@hotmail.com', 'Scott', 'Mendoza', 2890348564, 'fYxhMxfV');
INSERT INTO users (user_email, first_name, last_name, phno, pswd) VALUES ('elyse_powlowski3@hotmail.com', 'Brandi', 'Edwards', 5278460132, 'GChR9zBa');
INSERT INTO users (user_email, first_name, last_name, phno, pswd) VALUES ('delores69@gmail.com', 'Jamie', 'Rojas', 4453668366, 'z5hPTHL5');
INSERT INTO users (user_email, first_name, last_name, phno, pswd) VALUES ('mellie93@gmail.com', 'Sean', 'Rose', 7312674554, 'F3qAx0pY');
INSERT INTO users (user_email, first_name, last_name, phno, pswd) VALUES ('rasheed_schroeder@hotmail.com', 'Dr.', 'Jennifer', 3889205685, 'jNaupw5x');
INSERT INTO users (user_email, first_name, last_name, phno, pswd) VALUES ('dalton.rowe61@gmail.com', 'Joshua', 'Gill', 3046493297, 'xNNoTO1c');
INSERT INTO users (user_email, first_name, last_name, phno, pswd) VALUES ('britney_rodriguez@hotmail.com', 'Cheryl', 'Henderson', 1865747139, 'MOTHMp5k');
INSERT INTO users (user_email, first_name, last_name, phno, pswd) VALUES ('sydney.carter@yahoo.com', 'April', 'Burns', 9035421143, 'AIn8ot5D');
INSERT INTO users (user_email, first_name, last_name, phno, pswd) VALUES ('janice.marquardt@gmail.com', 'Mary', 'Hinton', 1223012081, 'aJF3ErLm');
INSERT INTO users (user_email, first_name, last_name, phno, pswd) VALUES ('heidi_oberbrunner@hotmail.com', 'Melinda', 'Anderson', 4920351189, 'q9pe2WM4');
INSERT INTO users (user_email, first_name, last_name, phno, pswd) VALUES ('keeley_breitenberg92@gmail.com', 'Randy', 'Underwood', 2430504698, '6Y9B9UwY');
INSERT INTO users (user_email, first_name, last_name, phno, pswd) VALUES ('dave21@yahoo.com', 'Tracy', 'Taylor', 1565383836, 'VTpIwnQU');
INSERT INTO users (user_email, first_name, last_name, phno, pswd) VALUES ('vida.wisozk@yahoo.com', 'Tanya', 'Sims', 5601831546, 'zUMpZTeJ');
INSERT INTO users (user_email, first_name, last_name, phno, pswd) VALUES ('vergie74@hotmail.com', 'Emily', 'Alvarado', 6909125578, 'ACiLFQEP');
INSERT INTO users (user_email, first_name, last_name, phno, pswd) VALUES ('mortimer_dibbert@yahoo.com', 'Mr.', 'Ronald', 4486987067, 'YVlwKBnx');
INSERT INTO users (user_email, first_name, last_name, phno, pswd) VALUES ('breanne2@hotmail.com', 'Lauren', 'Walker', 4045448637, '8UcMnNDp');
INSERT INTO users (user_email, first_name, last_name, phno, pswd) VALUES ('vincenza_murazik@gmail.com', 'Donna', 'Daugherty', 5785872463, 'aX9apHgI');
INSERT INTO users (user_email, first_name, last_name, phno, pswd) VALUES ('kamille_kuphal@hotmail.com', 'Kim', 'Valencia', 2581594308, 'OmlbxxBl');
INSERT INTO users (user_email, first_name, last_name, phno, pswd) VALUES ('lauriane_wunsch@hotmail.com', 'Shawn', 'Webster', 5479378122, 'EfWOsQ3U');
INSERT INTO users (user_email, first_name, last_name, phno, pswd) VALUES ('dane.casper@yahoo.com', 'Frank', 'Fritz', 3166020490, 'UfBlIGq7');
INSERT INTO users (user_email, first_name, last_name, phno, pswd) VALUES ('toby.morar19@gmail.com', 'Tanya', 'Gregory', 4374441322, 'gCvJPguI');
INSERT INTO users (user_email, first_name, last_name, phno, pswd) VALUES ('vinnie63@gmail.com', 'Joshua', 'Knight', 2091222821, 'asPLkQOV');
INSERT INTO users (user_email, first_name, last_name, phno, pswd) VALUES ('mustafa73@yahoo.com', 'Gina', 'Collier', 1121709303, 'pbyfFhwf');
INSERT INTO users (user_email, first_name, last_name, phno, pswd) VALUES ('eugene92@yahoo.com', 'Matthew', 'Davis', 8105958394, 'X2WUJkOk');
INSERT INTO users (user_email, first_name, last_name, phno, pswd) VALUES ('ottilie76@yahoo.com', 'Johnny', 'Hamilton', 7316666691, 'Zx5jO8Bp');
INSERT INTO users (user_email, first_name, last_name, phno, pswd) VALUES ('hassan.beier@gmail.com', 'Erica', 'Garrett', 2453440773, 'jZcvYh5H');
INSERT INTO users (user_email, first_name, last_name, phno, pswd) VALUES ('grady_bednar@yahoo.com', 'Frances', 'Garcia', 3041290418, 'DpwZEcQ8');
INSERT INTO users (user_email, first_name, last_name, phno, pswd) VALUES ('henry_herzog81@hotmail.com', 'Stephanie', 'Ellis', 1753405217, 'EETaIaby');
INSERT INTO users (user_email, first_name, last_name, phno, pswd) VALUES ('daniel.mata68@hotmail.com', 'Christopher', 'Ruiz', 1716923320, 'HvV5CLru');
INSERT INTO users (user_email, first_name, last_name, phno, pswd) VALUES ('veronica_flores4@yahoo.com', 'Brandon', 'Burns', 2380370720, 'One7ndCI');
INSERT INTO users (user_email, first_name, last_name, phno, pswd) VALUES ('estela80@gmail.com', 'Daniel', 'Morris', 3539190353, 'AG1Rdslp');
INSERT INTO users (user_email, first_name, last_name, phno, pswd) VALUES ('rosalia47@hotmail.com', 'Linda', 'Duke', 1415314999, 'la5yEeWe');
INSERT INTO users (user_email, first_name, last_name, phno, pswd) VALUES ('clemente57@gmail.com', 'Dr.', 'William', 4023652648, 'i175DuFE');
INSERT INTO users (user_email, first_name, last_name, phno, pswd) VALUES ('cristina.arreola94@yahoo.com', 'Steve', 'Bryant', 9334708606, '5k81HjyO');
INSERT INTO users (user_email, first_name, last_name, phno, pswd) VALUES ('ignacio38@hotmail.com', 'Michael', 'Davenport', 9462713850, 'BjfdZ1yM');
INSERT INTO users (user_email, first_name, last_name, phno, pswd) VALUES ('armando.valdes@gmail.com', 'Bradley', 'Harris', 4541788504, 'VTNhfgn5');
INSERT INTO users (user_email, first_name, last_name, phno, pswd) VALUES ('gabriel_olivera75@hotmail.com', 'Terry', 'Short', 3427831389, 'SE9IciJx');
INSERT INTO users (user_email, first_name, last_name, phno, pswd) VALUES ('francisco.osorio@gmail.com', 'Candice', 'Allen', 7609655714, 'yvcfP0dt');
INSERT INTO users (user_email, first_name, last_name, phno, pswd) VALUES ('jaime_luevano46@yahoo.com', 'Raymond', 'Higgins', 5084025212, 'TmWq58Ej');
INSERT INTO users (user_email, first_name, last_name, phno, pswd) VALUES ('carmen3@yahoo.com', 'Richard', 'Garrett', 9341232022, 'gquC121P');
INSERT INTO users (user_email, first_name, last_name, phno, pswd) VALUES ('gonzalo_saldivar@yahoo.com', 'Angela', 'Brown', 3693936604, 'zbZP4qnx');
INSERT INTO users (user_email, first_name, last_name, phno, pswd) VALUES ('alfredo4@yahoo.com', 'Jessica', 'Hernandez', 5030734692, 'uIxZwRK9');
INSERT INTO users (user_email, first_name, last_name, phno, pswd) VALUES ('concepcion.pichardo88@gmail.com', 'Stephanie', 'Schultz', 8716593815, 'S4HOhFsU');
INSERT INTO users (user_email, first_name, last_name, phno, pswd) VALUES ('eduardo99@gmail.com', 'Victoria', 'Jones', 3769884091, 'GjjQ0xM0');
INSERT INTO users (user_email, first_name, last_name, phno, pswd) VALUES ('dorotea.ayala@yahoo.com', 'Ian', 'James', 1318927577, 'EqBSzP7W');
INSERT INTO users (user_email, first_name, last_name, phno, pswd) VALUES ('miguel.guerrero45@hotmail.com', 'Valerie', 'Johnson', 6597957154, 'nYVUv9yL');
INSERT INTO users (user_email, first_name, last_name, phno, pswd) VALUES ('berta_magana@gmail.com', 'Robert', 'Davis', 1037415659, 'j7d3hMzQ');
INSERT INTO users (user_email, first_name, last_name, phno, pswd) VALUES ('elena64@gmail.com', 'Crystal', 'Stephens', 1367459880, 'Sn554vN7');
INSERT INTO users (user_email, first_name, last_name, phno, pswd) VALUES ('guillermo_palacios@gmail.com', 'Marcia', 'Brown', 2870396905, 'Ag6APQzK');
INSERT INTO users (user_email, first_name, last_name, phno, pswd) VALUES ('julio63@yahoo.com', 'Brett', 'Johnson', 5527643963, 'JPHV83yk');
INSERT INTO users (user_email, first_name, last_name, phno, pswd) VALUES ('gustavo91@gmail.com', 'Jennifer', 'Oliver', 9786910504, 'CkB8gpvY');
INSERT INTO users (user_email, first_name, last_name, phno, pswd) VALUES ('lourdes.holguin44@hotmail.com', 'Erika', 'Baker', 2743450495, 'ZzPKcgSO');
INSERT INTO users (user_email, first_name, last_name, phno, pswd) VALUES ('antonio84@yahoo.com', 'Travis', 'Oneal', 1796412414, 'lVbwokSP');
INSERT INTO users (user_email, first_name, last_name, phno, pswd) VALUES ('esperanza.romero56@hotmail.com', 'Taylor', 'Clark', 7239006236, 'eM4pMQVs');
INSERT INTO users (user_email, first_name, last_name, phno, pswd) VALUES ('anamaria.griego@gmail.com', 'Jason', 'Perez', 6191557253, 'FVRDCDyp');
INSERT INTO users (user_email, first_name, last_name, phno, pswd) VALUES ('raquel.tafoya91@yahoo.com', 'Cody', 'Henderson', 5661404034, 'zjghb62x');
INSERT INTO users (user_email, first_name, last_name, phno, pswd) VALUES ('miguel28@yahoo.com', 'Scott', 'Barber', 5802084165, 'r39yyHDt');
INSERT INTO users (user_email, first_name, last_name, phno, pswd) VALUES ('adriana60@yahoo.com', 'Heidi', 'Mack', 4106587984, 'RGTmvuUI');
INSERT INTO users (user_email, first_name, last_name, phno, pswd) VALUES ('bernardo.barrios59@yahoo.com', 'Austin', 'Peters', 3044930716, 'THpejhZw');
INSERT INTO users (user_email, first_name, last_name, phno, pswd) VALUES ('daniela.olivo83@yahoo.com', 'Trevor', 'Smith', 9392855277, 'b5GvMCpG');
INSERT INTO users (user_email, first_name, last_name, phno, pswd) VALUES ('mariateresa_cordova@gmail.com', 'Ronald', 'Davis', 6258384070, 'YrfFM8n5');
INSERT INTO users (user_email, first_name, last_name, phno, pswd) VALUES ('jorgeluis7@hotmail.com', 'Caitlin', 'Conley', 9701172347, '7J4MfEvv');
INSERT INTO users (user_email, first_name, last_name, phno, pswd) VALUES ('marilu29@gmail.com', 'Daniel', 'Ray', 2633328658, 'BB3QzRib');
INSERT INTO users (user_email, first_name, last_name, phno, pswd) VALUES ('veronica44@hotmail.com', 'Rebecca', 'Peterson', 9266129204, 'hKs81W25');
INSERT INTO users (user_email, first_name, last_name, phno, pswd) VALUES ('eva_carrillo40@gmail.com', 'Melanie', 'Davis', 7062834862, '7SPHS7x9');
INSERT INTO users (user_email, first_name, last_name, phno, pswd) VALUES ('mariaeugenia_sierra3@hotmail.com', 'Matthew', 'Miller', 3856508120, 'QikzDUmF');
INSERT INTO users (user_email, first_name, last_name, phno, pswd) VALUES ('marta_cano@gmail.com', 'Jamie', 'Shaffer', 6148595539, 'gs5wEoZO');
INSERT INTO users (user_email, first_name, last_name, phno, pswd) VALUES ('berta.fajardo58@hotmail.com', 'John', 'Garcia', 7852471641, 'TM1u6kFS');
INSERT INTO users (user_email, first_name, last_name, phno, pswd) VALUES ('mercedes.colon@hotmail.com', 'Edward', 'Gilbert', 9018589975, 'RlqV1HlQ');
INSERT INTO users (user_email, first_name, last_name, phno, pswd) VALUES ('gilberto_valentin41@hotmail.com', 'Glen', 'Morgan', 1976397842, 'GFEqusL4');
INSERT INTO users (user_email, first_name, last_name, phno, pswd) VALUES ('magdalena13@gmail.com', 'Deborah', 'Pratt', 1227824095, '2OEf2CZJ');
INSERT INTO users (user_email, first_name, last_name, phno, pswd) VALUES ('teodoro16@hotmail.com', 'Tabitha', 'Jones', 4674646931, '5kFsEjT6');
INSERT INTO users (user_email, first_name, last_name, phno, pswd) VALUES ('rebeca.malave16@hotmail.com', 'Paul', 'Kelley', 9615572039, 'nuyVINdB');
INSERT INTO users (user_email, first_name, last_name, phno, pswd) VALUES ('claudio_estrada@yahoo.com', 'Kristin', 'Clarke', 4108739176, 'ewOtfSdm');
INSERT INTO users (user_email, first_name, last_name, phno, pswd) VALUES ('maricarmen.saldivar22@hotmail.com', 'Bailey', 'Frazier', 1864869188, 'EG05h9Cj');
INSERT INTO users (user_email, first_name, last_name, phno, pswd) VALUES ('marialuisa.abreu@gmail.com', 'Matthew', 'Phillips', 8016171631, '0aKA8f1V');
INSERT INTO users (user_email, first_name, last_name, phno, pswd) VALUES ('catalina.carrillo40@hotmail.com', 'Brent', 'Hart', 3682261383, 'jVRuAAFX');
INSERT INTO users (user_email, first_name, last_name, phno, pswd) VALUES ('raquel_haro82@gmail.com', 'Elizabeth', 'Smith', 5576816984, 'VisZ0XVd');


INSERT INTO vehicles (reg_no, vname,type_id) VALUES ('HR19VN7632', 'Maruti Suzuki Alto', 1);
INSERT INTO vehicles (reg_no, vname,type_id) VALUES ('CH10WI3760', 'Maruti Suzuki S-Presso', 1);
INSERT INTO vehicles (reg_no, vname,type_id) VALUES ('DL11KN9407', 'Hyundai Santro', 1);
INSERT INTO vehicles (reg_no, vname,type_id) VALUES ('CH15UT1964', 'Hyundai Santro', 1);
INSERT INTO vehicles (reg_no, vname,type_id) VALUES ('UP14BO8150', 'Maruti Suzuki Ertiga', 1);
INSERT INTO vehicles (reg_no, vname,type_id) VALUES ('WB11PU1329', 'Maruti Suzuki Eeco', 1);
INSERT INTO vehicles (reg_no, vname,type_id) VALUES ('WB12SW1946', 'Maruti Suzuki Wagon R', 1);
INSERT INTO vehicles (reg_no, vname,type_id) VALUES ('UP11DN8812', 'Toyota Urban Cruiser Hyryder', 1);
INSERT INTO vehicles (reg_no, vname,type_id) VALUES ('HR10ZJ2094', 'Toyota Urban Cruiser Hyryder', 1);
INSERT INTO vehicles (reg_no, vname,type_id) VALUES ('CH10WI6953', 'Maruti Suzuki S-Presso', 1);
INSERT INTO vehicles (reg_no, vname,type_id) VALUES ('CH11GO2184', 'Hyundai Santro', 1);
INSERT INTO vehicles (reg_no, vname,type_id) VALUES ('CH17KL2225', 'Maruti Suzuki Wagon R', 1);
INSERT INTO vehicles (reg_no, vname,type_id) VALUES ('UP11OS8556', 'Maruti Suzuki Alto', 1);
INSERT INTO vehicles (reg_no, vname,type_id) VALUES ('DL12EE1765', 'Maruti Suzuki S-Presso', 1);
INSERT INTO vehicles (reg_no, vname,type_id) VALUES ('HR15IE8111', 'Hyundai Santro', 1);
INSERT INTO vehicles (reg_no, vname,type_id) VALUES ('DL10XM5455', 'Maruti Suzuki Ertiga', 1);
INSERT INTO vehicles (reg_no, vname,type_id) VALUES ('WB18MG4211', 'Maruti Suzuki Eeco', 1);
INSERT INTO vehicles (reg_no, vname,type_id) VALUES ('DL19ZY9367', 'Maruti Suzuki Wagon R', 1);
INSERT INTO vehicles (reg_no, vname,type_id) VALUES ('UP18KR4310', 'Maruti Suzuki Wagon R', 1);
INSERT INTO vehicles (reg_no, vname,type_id) VALUES ('UP10QO8327', 'Maruti Suzuki Wagon R', 1);
INSERT INTO vehicles (reg_no, vname,type_id) VALUES ('UP15DR9063', 'Tata Tiago EV', 1);
INSERT INTO vehicles (reg_no, vname,type_id) VALUES ('HR14QG7817', 'Tata Tigor EV', 2);
INSERT INTO vehicles (reg_no, vname,type_id) VALUES ('WB12BI7845', 'Tata Nexon EV Max', 2);
INSERT INTO vehicles (reg_no, vname,type_id) VALUES ('UP16IS3196', 'Tata Tiago EV', 2);
INSERT INTO vehicles (reg_no, vname,type_id) VALUES ('HR19VZ9772', 'Tata Tigor EV', 2);
INSERT INTO vehicles (reg_no, vname,type_id) VALUES ('CH11BW9226', 'Tata Nexon EV Max', 2);
INSERT INTO vehicles (reg_no, vname,type_id) VALUES ('UP13TY4527', 'Tata Tiago EV', 2);
INSERT INTO vehicles (reg_no, vname,type_id) VALUES ('HR10YE8646', 'Tata Tigor EV', 2);
INSERT INTO vehicles (reg_no, vname,type_id) VALUES ('CH10YJ4267', 'Tata Nexon EV Max', 2);
INSERT INTO vehicles (reg_no, vname,type_id) VALUES ('WB17DY1829', 'Tata Tiago EV', 2);
INSERT INTO vehicles (reg_no, vname,type_id) VALUES ('HR12QW2541', 'TATA Nexon XZ', 2);
INSERT INTO vehicles (reg_no, vname,type_id) VALUES ('WB19EM5934', 'TATA Nexon XM', 3);
INSERT INTO vehicles (reg_no, vname,type_id) VALUES ('HR15GV5116', 'Mahindra Scorpio', 3);
INSERT INTO vehicles (reg_no, vname,type_id) VALUES ('UP11UH9855', 'Toyota Fortuner', 3);
INSERT INTO vehicles (reg_no, vname,type_id) VALUES ('UP16VH3045', 'TATA Nexon XZ', 3);
INSERT INTO vehicles (reg_no, vname,type_id) VALUES ('HR13GF6193', 'TATA Nexon XM', 3);
INSERT INTO vehicles (reg_no, vname,type_id) VALUES ('HR10BU4147', 'Mahindra Scorpio', 3);
INSERT INTO vehicles (reg_no, vname,type_id) VALUES ('CH16PD4060', 'Toyota Fortuner', 3);
INSERT INTO vehicles (reg_no, vname,type_id) VALUES ('UP13TB3753', 'TATA Nexon XZ', 3);
INSERT INTO vehicles (reg_no, vname,type_id) VALUES ('UP13BL3330', 'TATA Nexon XM', 3);
INSERT INTO vehicles (reg_no, vname,type_id) VALUES ('DL12ZV5827', 'Mahindra Scorpio', 3);
INSERT INTO vehicles (reg_no, vname,type_id) VALUES ('CH16OZ7720', 'Toyota Fortuner', 3);
INSERT INTO vehicles (reg_no, vname,type_id) VALUES ('HR13ZZ1955', 'TATA Nexon XZ', 3);
INSERT INTO vehicles (reg_no, vname,type_id) VALUES ('DL14BB1804', 'TATA Nexon XM', 3);
INSERT INTO vehicles (reg_no, vname,type_id) VALUES ('DL15YW6959', 'Mahindra Scorpio', 3);
INSERT INTO vehicles (reg_no, vname,type_id) VALUES ('UP12RZ1042', 'Toyota Fortuner', 3);
INSERT INTO vehicles (reg_no, vname,type_id) VALUES ('UP16EA4749', 'TATA Nexon XZ', 3);
INSERT INTO vehicles (reg_no, vname,type_id) VALUES ('CH10SL8697', 'TATA Nexon XM', 3);
INSERT INTO vehicles (reg_no, vname,type_id) VALUES ('CH18JO3948', 'Mahindra Scorpio', 3);
INSERT INTO vehicles (reg_no, vname,type_id) VALUES ('DL18BE9904', 'Toyota Fortuner', 3);
INSERT INTO vehicles (reg_no, vname,type_id) VALUES ('CH11KO1285', 'Autorickshaw ', 3);
INSERT INTO vehicles (reg_no, vname,type_id) VALUES ('CH15DO2180', 'Autorickshaw ', 4);
INSERT INTO vehicles (reg_no, vname,type_id) VALUES ('CH14RN7766', 'Autorickshaw ', 4);
INSERT INTO vehicles (reg_no, vname,type_id) VALUES ('UP15BY5398', 'Autorickshaw ', 4);
INSERT INTO vehicles (reg_no, vname,type_id) VALUES ('UP14JC2429', 'Autorickshaw ', 4);
INSERT INTO vehicles (reg_no, vname,type_id) VALUES ('WB14OS3873', 'Autorickshaw ', 4);
INSERT INTO vehicles (reg_no, vname,type_id) VALUES ('DL15OT4827', 'Autorickshaw ', 4);
INSERT INTO vehicles (reg_no, vname,type_id) VALUES ('HR11RJ9228', 'Autorickshaw ', 4);
INSERT INTO vehicles (reg_no, vname,type_id) VALUES ('DL11QE1989', 'Autorickshaw ', 4);
INSERT INTO vehicles (reg_no, vname,type_id) VALUES ('UP12TV7529', 'Autorickshaw ', 4);
INSERT INTO vehicles (reg_no, vname,type_id) VALUES ('UP18LQ6815', 'Autorickshaw ', 4);
INSERT INTO vehicles (reg_no, vname,type_id) VALUES ('DL12FD9479', 'Autorickshaw ', 4);
INSERT INTO vehicles (reg_no, vname,type_id) VALUES ('CH16MA1066', 'Autorickshaw ', 4);
INSERT INTO vehicles (reg_no, vname,type_id) VALUES ('UP16RW9922', 'Autorickshaw ', 4);
INSERT INTO vehicles (reg_no, vname,type_id) VALUES ('DL18QX5120', 'Autorickshaw ', 4);
INSERT INTO vehicles (reg_no, vname,type_id) VALUES ('UP10RE7407', 'Autorickshaw ', 4);
INSERT INTO vehicles (reg_no, vname,type_id) VALUES ('UP11ZC3305', 'Autorickshaw ', 4);
INSERT INTO vehicles (reg_no, vname,type_id) VALUES ('UP17GD2374', 'Autorickshaw ', 4);
INSERT INTO vehicles (reg_no, vname,type_id) VALUES ('DL13HJ5557', 'Autorickshaw ', 4);
INSERT INTO vehicles (reg_no, vname,type_id) VALUES ('CH13LM5041', 'Autorickshaw ', 4);
INSERT INTO vehicles (reg_no, vname,type_id) VALUES ('CH18CK2934', 'Autorickshaw ', 4);
INSERT INTO vehicles (reg_no, vname,type_id) VALUES ('WB17LO3857', 'Autorickshaw ', 4);
INSERT INTO vehicles (reg_no, vname,type_id) VALUES ('WB14QI7143', 'Autorickshaw ', 4);
INSERT INTO vehicles (reg_no, vname,type_id) VALUES ('WB15VB8384', 'Autorickshaw ', 4);
INSERT INTO vehicles (reg_no, vname,type_id) VALUES ('UP11XY8345', 'Autorickshaw ', 4);
INSERT INTO vehicles (reg_no, vname,type_id) VALUES ('UP18DL6899', 'Autorickshaw ', 4);
INSERT INTO vehicles (reg_no, vname,type_id) VALUES ('UP14LQ5787', 'Autorickshaw ', 4);
INSERT INTO vehicles (reg_no, vname,type_id) VALUES ('WB12KD5477', 'Autorickshaw ', 4);
INSERT INTO vehicles (reg_no, vname,type_id) VALUES ('DL19AF7781', 'Autorickshaw ', 4);
INSERT INTO vehicles (reg_no, vname,type_id) VALUES ('HR18SH4527', 'Autorickshaw ', 4);
INSERT INTO vehicles (reg_no, vname,type_id) VALUES ('DL16EX2744', 'Yamaha MT', 4);
INSERT INTO vehicles (reg_no, vname,type_id) VALUES ('HR18ZN7646', 'Royal Enfield Classic', 5);
INSERT INTO vehicles (reg_no, vname,type_id) VALUES ('CH13RX6149', 'Hero Splendor Plus', 5);
INSERT INTO vehicles (reg_no, vname,type_id) VALUES ('UP10TH1209', 'Yamaha MT', 5);
INSERT INTO vehicles (reg_no, vname,type_id) VALUES ('DL18HJ5764', 'Royal Enfield Classic', 5);
INSERT INTO vehicles (reg_no, vname,type_id) VALUES ('DL10KH2035', 'Hero Splendor Plus', 5);
INSERT INTO vehicles (reg_no, vname,type_id) VALUES ('UP14IL8289', 'Yamaha MT', 5);
INSERT INTO vehicles (reg_no, vname,type_id) VALUES ('DL17GV1721', 'Royal Enfield Classic', 5);
INSERT INTO vehicles (reg_no, vname,type_id) VALUES ('WB19TI4142', 'Hero Splendor Plus', 5);
INSERT INTO vehicles (reg_no, vname,type_id) VALUES ('DL18XE7705', 'Yamaha MT', 5);
INSERT INTO vehicles (reg_no, vname,type_id) VALUES ('WB16GT4196', 'Royal Enfield Classic', 5);
INSERT INTO vehicles (reg_no, vname,type_id) VALUES ('DL13QM2994', 'Hero Splendor Plus', 5);
INSERT INTO vehicles (reg_no, vname,type_id) VALUES ('DL14OV5251', 'Yamaha MT', 5);
INSERT INTO vehicles (reg_no, vname,type_id) VALUES ('DL12SL6150', 'Royal Enfield Classic', 5);
INSERT INTO vehicles (reg_no, vname,type_id) VALUES ('WB18FW4237', 'Hero Splendor Plus', 5);
INSERT INTO vehicles (reg_no, vname,type_id) VALUES ('UP14DM3654', 'Yamaha MT', 5);
INSERT INTO vehicles (reg_no, vname,type_id) VALUES ('HR10OE3155', 'Royal Enfield Classic', 5);
INSERT INTO vehicles (reg_no, vname,type_id) VALUES ('UP14FM2620', 'Hero Splendor Plus', 5);
INSERT INTO vehicles (reg_no, vname,type_id) VALUES ('UP17OJ6178', 'Yamaha MT', 5);
INSERT INTO vehicles (reg_no, vname,type_id) VALUES ('HR13UB3004', 'Royal Enfield Classic', 5);





INSERT INTO rides (receipt_no, pickup_time,pickup_loc, drop_time, drop_loc , vehicle_no, d_email, u_email, distance, fare) VALUES('1#kathleen4@hotmail.com', '2022-01-17 06:00:00', '23 East Princeton Avenue North Tonawanda, NY 14120', '2022-01-17 07:00:00', '8072 Fifth Ave. Odenton, MD 21113', 'CH10WI3760', 'avis72@hotmail.com', 'kathleen4@hotmail.com', 47, 564);
INSERT INTO rides (receipt_no, pickup_time,pickup_loc, drop_time, drop_loc , vehicle_no, d_email, u_email, distance, fare) VALUES('1#nya61@hotmail.com', '2022-01-30 06:10:00', 'North Tonawanda, NY 14120 730 Talbot Ave.', '2022-01-30 07:10:00', 'Odenton, MD 21113 997 Pacific Ave.', 'CH10WI6953', 'miller.janet@gmail.com', 'nya61@hotmail.com', 19, 228);
INSERT INTO rides (receipt_no, pickup_time,pickup_loc, drop_time, drop_loc , vehicle_no, d_email, u_email, distance, fare) VALUES('1#jimmie.cummings52@hotmail.com', '2022-02-12 06:20:00', '730 Talbot Ave. Windsor, CT 06095', '2022-02-12 07:20:00', '997 Pacific Ave. Sheboygan, WI 53081', 'CH11GO2184', 'cathrine14@schultz.info', 'jimmie.cummings52@hotmail.com', 75, 900);
INSERT INTO rides (receipt_no, pickup_time,pickup_loc, drop_time, drop_loc , vehicle_no, d_email, u_email, distance, fare) VALUES('1#betty.okeefe@gmail.com', '2022-03-06 06:30:00', 'Windsor, CT 06095 881 Joy Ridge St.', '2022-03-06 07:30:00', 'Sheboygan, WI 53081 978 Oakwood St.', 'CH15UT1964', 'runte.colton@gulgowski.com', 'betty.okeefe@gmail.com', 22, 264);
INSERT INTO rides (receipt_no, pickup_time,pickup_loc, drop_time, drop_loc , vehicle_no, d_email, u_email, distance, fare) VALUES('1#marques_doyle44@gmail.com', '2022-03-19 06:40:00', '881 Joy Ridge St. Canandaigua, NY 14424', '2022-03-19 07:40:00', '978 Oakwood St. Mount Holly, NJ 08060', 'CH17KL2225', 'ywunsch@kshlerin.biz', 'marques_doyle44@gmail.com', 28, 336);
INSERT INTO rides (receipt_no, pickup_time,pickup_loc, drop_time, drop_loc , vehicle_no, d_email, u_email, distance, fare) VALUES('1#theo7@yahoo.com', '2022-03-24 06:50:00', 'Canandaigua, NY 14424 10 Orchard Road', '2022-03-24 07:50:00', 'Mount Holly, NJ 08060 12 Applegate Street', 'DL10XM5455', 'pouros.eriberto@gmail.com', 'theo7@yahoo.com', 53, 636);
INSERT INTO rides (receipt_no, pickup_time,pickup_loc, drop_time, drop_loc , vehicle_no, d_email, u_email, distance, fare) VALUES('1#micheal.feeney88@hotmail.com', '2022-04-03 07:00:00', '10 Orchard Road Hobart, IN 46342', '2022-04-03 08:00:00', '12 Applegate Street Wappingers Falls, NY 12590', 'DL11KN9407', 'nikolaus.letitia@balistreri.com', 'micheal.feeney88@hotmail.com', 03, 36);
INSERT INTO rides (receipt_no, pickup_time,pickup_loc, drop_time, drop_loc , vehicle_no, d_email, u_email, distance, fare) VALUES('1#elliott_swift@gmail.com', '2022-04-17 07:10:00', 'Hobart, IN 46342 8352 East Corona Dr.', '2022-04-17 08:10:00', 'Wappingers Falls, NY 12590 9416 Sleepy Hollow Drive', 'DL12EE1765', 'schulist.granville@gmail.com', 'elliott_swift@gmail.com', 55, 660);
INSERT INTO rides (receipt_no, pickup_time,pickup_loc, drop_time, drop_loc , vehicle_no, d_email, u_email, distance, fare) VALUES('1#jerod_cartwright@yahoo.com', '2022-05-27 07:20:00', '8352 East Corona Dr. Reisterstown, MD 21136', '2022-05-27 08:20:00', '9416 Sleepy Hollow Drive Lanham, MD 20706', 'DL19ZY9367', 'gutkowski.rhiannon@dicki.biz', 'jerod_cartwright@yahoo.com', 58, 696);
INSERT INTO rides (receipt_no, pickup_time,pickup_loc, drop_time, drop_loc , vehicle_no, d_email, u_email, distance, fare) VALUES('1#wilfred_murazik12@yahoo.com', '2022-07-13 07:30:00', 'Reisterstown, MD 21136 78 Oklahoma Dr.', '2022-07-13 08:30:00', 'Lanham, MD 20706 6 Sheffield Lane', 'HR10ZJ2094', 'conroy.ben@ernser.info', 'wilfred_murazik12@yahoo.com', 71, 852);
INSERT INTO rides (receipt_no, pickup_time,pickup_loc, drop_time, drop_loc , vehicle_no, d_email, u_email, distance, fare) VALUES('1#lura97@yahoo.com', '2022-07-30 07:40:00', '78 Oklahoma Dr. Oxon Hill, MD 20745', '2022-07-30 08:40:00', '6 Sheffield Lane Thomasville, NC 27360', 'HR15IE8111', 'breitenberg.willard@gmail.com', 'lura97@yahoo.com', 97, 1164);
INSERT INTO rides (receipt_no, pickup_time,pickup_loc, drop_time, drop_loc , vehicle_no, d_email, u_email, distance, fare) VALUES('1#reggie65@gmail.com', '2022-08-09 07:50:00', 'Oxon Hill, MD 20745 214 S. Albany Court', '2022-08-09 08:50:00', 'Thomasville, NC 27360 7108 Constitution Ave.', 'HR19VN7632', 'braxton.leuschke@bechtelar.info', 'reggie65@gmail.com', 49, 588);
INSERT INTO rides (receipt_no, pickup_time,pickup_loc, drop_time, drop_loc , vehicle_no, d_email, u_email, distance, fare) VALUES('1#ernestine44@hotmail.com', '2022-08-23 08:00:00', '214 S. Albany Court Lithonia, GA 30038', '2022-08-23 09:00:00', '7108 Constitution Ave. Woburn, MA 01801', 'UP10QO8327', 'mitchell.watsica@hotmail.com', 'ernestine44@hotmail.com', 94, 1128);
INSERT INTO rides (receipt_no, pickup_time,pickup_loc, drop_time, drop_loc , vehicle_no, d_email, u_email, distance, fare) VALUES('1#roxane53@yahoo.com', '2022-09-26 08:10:00', 'Lithonia, GA 30038 9909 W. Charles Street', '2022-09-26 09:10:00', 'Woburn, MA 01801 59 Santa Clara Court', 'UP11DN8812', 'gdurgan@gmail.com', 'roxane53@yahoo.com', 64, 768);
INSERT INTO rides (receipt_no, pickup_time,pickup_loc, drop_time, drop_loc , vehicle_no, d_email, u_email, distance, fare) VALUES('1#ilene_greenholt94@yahoo.com', '2022-10-01 08:20:00', '9909 W. Charles Street Copperas Cove, TX 76522', '2022-10-01 09:20:00', '59 Santa Clara Court Ashtabula, OH 44004', 'UP11OS8556', 'jlittle@schuppe.com', 'ilene_greenholt94@yahoo.com', 65, 780);
INSERT INTO rides (receipt_no, pickup_time,pickup_loc, drop_time, drop_loc , vehicle_no, d_email, u_email, distance, fare) VALUES('1#florine_hane@gmail.com', '2022-10-26 08:30:00', 'Copperas Cove, TX 76522 903 Winding Way Rd.', '2022-10-26 09:30:00', 'Ashtabula, OH 44004 186 Kingston Ave.', 'UP14BO8150', 'kay.altenwerth@gmail.com', 'florine_hane@gmail.com', 43, 516);
INSERT INTO rides (receipt_no, pickup_time,pickup_loc, drop_time, drop_loc , vehicle_no, d_email, u_email, distance, fare) VALUES('1#jermain.hermann54@yahoo.com', '2022-11-25 08:40:00', '903 Winding Way Rd. Fall River, MA 02720', '2022-11-25 09:40:00', '186 Kingston Ave. Anoka, MN 55303', 'UP15DR9063', 'feeney.jarrell@hintz.info', 'jermain.hermann54@yahoo.com', 70, 840);
INSERT INTO rides (receipt_no, pickup_time,pickup_loc, drop_time, drop_loc , vehicle_no, d_email, u_email, distance, fare) VALUES('1#krystina_fay@hotmail.com', '2022-11-30 08:50:00', 'Fall River, MA 02720 207 Thomas St.', '2022-11-30 09:50:00', 'Anoka, MN 55303 68 Saxon Avenue', 'UP18KR4310', 'della.krajcik@bahringer.net', 'krystina_fay@hotmail.com', 73, 876);
INSERT INTO rides (receipt_no, pickup_time,pickup_loc, drop_time, drop_loc , vehicle_no, d_email, u_email, distance, fare) VALUES('1#perry_macejkovic@gmail.com', '2022-12-11 09:00:00', '207 Thomas St. Mount Juliet, TN 37122', '2022-12-11 10:00:00', '68 Saxon Avenue Reno, NV 89523', 'WB11PU1329', 'omayert@kunde.com', 'perry_macejkovic@gmail.com', 54, 648);
INSERT INTO rides (receipt_no, pickup_time,pickup_loc, drop_time, drop_loc , vehicle_no, d_email, u_email, distance, fare) VALUES('1#jacinthe.krajcik81@hotmail.com', '2022-12-16 09:10:00', 'Mount Juliet, TN 37122 33 Maiden Drive', '2022-12-16 10:10:00', 'Reno, NV 89523 927 Berkshire Drive', 'WB12SW1946', 'rodger.rogahn@hahn.com', 'jacinthe.krajcik81@hotmail.com', 46, 552);
INSERT INTO rides (receipt_no, pickup_time,pickup_loc, drop_time, drop_loc , vehicle_no, d_email, u_email, distance, fare) VALUES('1#hassan83@gmail.com', '2022-12-17 09:20:00', '33 Maiden Drive Camas, WA 98607', '2022-12-17 10:20:00', '927 Berkshire Drive Saint Charles, IL 60174', 'WB18MG4211', 'myra.weber@yahoo.com', 'hassan83@gmail.com', 90, 1080);
INSERT INTO rides (receipt_no, pickup_time,pickup_loc, drop_time, drop_loc , vehicle_no, d_email, u_email, distance, fare) VALUES('1#elenor80@yahoo.com', '2022-12-27 09:30:00', 'Camas, WA 98607 246 Harrison St.', '2022-12-27 10:30:00', 'Saint Charles, IL 60174 7195 Leatherwood Rd.', 'CH10YJ4267', 'randal.price@hintz.org', 'elenor80@yahoo.com', 12, 144);
INSERT INTO rides (receipt_no, pickup_time,pickup_loc, drop_time, drop_loc , vehicle_no, d_email, u_email, distance, fare) VALUES('1#norris.koelpin98@hotmail.com', '2023-01-02 09:40:00', '246 Harrison St. Downingtown, PA 19335', '2023-01-02 10:40:00', '7195 Leatherwood Rd. Niles, MI 49120', 'CH11BW9226', 'eichmann.baron@sanford.com', 'norris.koelpin98@hotmail.com', 88, 1056);
INSERT INTO rides (receipt_no, pickup_time,pickup_loc, drop_time, drop_loc , vehicle_no, d_email, u_email, distance, fare) VALUES('1#elyse_powlowski3@hotmail.com', '2023-01-06 09:50:00', 'Downingtown, PA 19335 45 Greystone Street', '2023-01-06 10:50:00', 'Niles, MI 49120 9771 Yukon St.', 'HR10YE8646', 'xbalistreri@yahoo.com', 'elyse_powlowski3@hotmail.com', 21, 252);
INSERT INTO rides (receipt_no, pickup_time,pickup_loc, drop_time, drop_loc , vehicle_no, d_email, u_email, distance, fare) VALUES('1#delores69@gmail.com', '2023-01-16 10:00:00', '45 Greystone Street Danville, VA 24540', '2023-01-16 11:00:00', '9771 Yukon St. Waukesha, WI 53186', 'HR12QW2541', 'klocko.sylvan@schuppe.com', 'delores69@gmail.com', 11, 132);
INSERT INTO rides (receipt_no, pickup_time,pickup_loc, drop_time, drop_loc , vehicle_no, d_email, u_email, distance, fare) VALUES('1#mellie93@gmail.com', '2022-01-08 10:10:00', 'Danville, VA 24540 607 Bowman St.', '2022-01-08 11:10:00', 'Waukesha, WI 53186 74 N. Wagon St.', 'HR14QG7817', 'deckow.myrtle@gmail.com', 'mellie93@gmail.com', 51, 612);
INSERT INTO rides (receipt_no, pickup_time,pickup_loc, drop_time, drop_loc , vehicle_no, d_email, u_email, distance, fare) VALUES('1#rasheed_schroeder@hotmail.com', '2022-01-11 10:20:00', '607 Bowman St. Elk Grove Village, IL 60007', '2022-01-11 11:20:00', '74 N. Wagon St. Osseo, MN 55311', 'HR19VZ9772', 'norberto.waters@yahoo.com', 'rasheed_schroeder@hotmail.com', 56, 672);
INSERT INTO rides (receipt_no, pickup_time,pickup_loc, drop_time, drop_loc , vehicle_no, d_email, u_email, distance, fare) VALUES('1#dalton.rowe61@gmail.com', '2022-01-24 10:30:00', 'Elk Grove Village, IL 60007 28 W. Randall Mill St.', '2022-01-24 11:30:00', 'Osseo, MN 55311 8 S. Greenrose Ave.', 'UP13TY4527', 'harmony.steuber@nikolaus.biz', 'dalton.rowe61@gmail.com', 83, 996);
INSERT INTO rides (receipt_no, pickup_time,pickup_loc, drop_time, drop_loc , vehicle_no, d_email, u_email, distance, fare) VALUES('1#britney_rodriguez@hotmail.com', '2022-02-24 10:40:00', '28 W. Randall Mill St. Ottumwa, IA 52501', '2022-02-24 11:40:00', '8 S. Greenrose Ave. Fairborn, OH 45324', 'UP16IS3196', 'cronin.allie@yahoo.com', 'britney_rodriguez@hotmail.com', 74, 888);
INSERT INTO rides (receipt_no, pickup_time,pickup_loc, drop_time, drop_loc , vehicle_no, d_email, u_email, distance, fare) VALUES('1#sydney.carter@yahoo.com', '2022-03-03 10:50:00', 'Ottumwa, IA 52501 21 Taylor Lane', '2022-03-03 11:50:00', 'Fairborn, OH 45324 977 Bay St.', 'WB12BI7845', 'jast.tito@yahoo.com', 'sydney.carter@yahoo.com', 98, 1176);
INSERT INTO rides (receipt_no, pickup_time,pickup_loc, drop_time, drop_loc , vehicle_no, d_email, u_email, distance, fare) VALUES('1#janice.marquardt@gmail.com', '2022-03-28 11:00:00', '21 Taylor Lane Lagrange, GA 30240', '2022-03-28 12:00:00', '977 Bay St. Evanston, IL 60201', 'WB17DY1829', 'qflatley@emard.com', 'janice.marquardt@gmail.com', 86, 1032);
INSERT INTO rides (receipt_no, pickup_time,pickup_loc, drop_time, drop_loc , vehicle_no, d_email, u_email, distance, fare) VALUES('1#heidi_oberbrunner@hotmail.com', '2022-03-31 11:10:00', 'Lagrange, GA 30240 9768 E. Joy Ridge St.', '2022-03-31 12:10:00', 'Evanston, IL 60201 74 West Westport St.', 'CH10SL8697', 'eldora.gorczany@hotmail.com', 'heidi_oberbrunner@hotmail.com', 63, 756);
INSERT INTO rides (receipt_no, pickup_time,pickup_loc, drop_time, drop_loc , vehicle_no, d_email, u_email, distance, fare) VALUES('1#keeley_breitenberg92@gmail.com', '2022-04-02 11:20:00', '9768 E. Joy Ridge St. Moncks Corner, SC 29461', '2022-04-02 12:20:00', '74 West Westport St. Moncks Corner, SC 29461', 'CH11KO1285', 'evan59@hotmail.com', 'keeley_breitenberg92@gmail.com', 89, 1068);
INSERT INTO rides (receipt_no, pickup_time,pickup_loc, drop_time, drop_loc , vehicle_no, d_email, u_email, distance, fare) VALUES('1#dave21@yahoo.com', '2022-04-28 11:30:00', 'Moncks Corner, SC 29461 65 Carpenter Street', '2022-04-28 12:30:00', 'Moncks Corner, SC 29461 7075 Redwood St.', 'CH16OZ7720', 'aurelie92@prosacco.com', 'dave21@yahoo.com', 77, 924);
INSERT INTO rides (receipt_no, pickup_time,pickup_loc, drop_time, drop_loc , vehicle_no, d_email, u_email, distance, fare) VALUES('1#vida.wisozk@yahoo.com', '2022-05-08 11:40:00', '65 Carpenter Street Xenia, OH 45385', '2022-05-08 12:40:00', '7075 Redwood St. Asheboro, NC 27205', 'CH16PD4060', 'cschiller@yahoo.com', 'vida.wisozk@yahoo.com', 18, 216);
INSERT INTO rides (receipt_no, pickup_time,pickup_loc, drop_time, drop_loc , vehicle_no, d_email, u_email, distance, fare) VALUES('1#vergie74@hotmail.com', '2022-05-09 11:50:00', 'Xenia, OH 45385 925 SW. Eagle Lane', '2022-05-09 12:50:00', 'Asheboro, NC 27205 8680 Swanson St.', 'CH18JO3948', 'damore.leora@yahoo.com', 'vergie74@hotmail.com', 82, 984);
INSERT INTO rides (receipt_no, pickup_time,pickup_loc, drop_time, drop_loc , vehicle_no, d_email, u_email, distance, fare) VALUES('1#mortimer_dibbert@yahoo.com', '2022-05-17 12:00:00', '925 SW. Eagle Lane Sioux Falls, SD 57103', '2022-05-17 13:00:00', '8680 Swanson St. Green Bay, WI 54302', 'DL12ZV5827', 'merl.nitzsche@yahoo.com', 'mortimer_dibbert@yahoo.com', 40, 480);
INSERT INTO rides (receipt_no, pickup_time,pickup_loc, drop_time, drop_loc , vehicle_no, d_email, u_email, distance, fare) VALUES('1#breanne2@hotmail.com', '2022-06-02 12:10:00', 'Sioux Falls, SD 57103 64 Lyme Dr.', '2022-06-02 13:10:00', 'Green Bay, WI 54302 56 West Talbot St.', 'DL14BB1804', 'ycruickshank@cummerata.com', 'breanne2@hotmail.com', 67, 804);
INSERT INTO rides (receipt_no, pickup_time,pickup_loc, drop_time, drop_loc , vehicle_no, d_email, u_email, distance, fare) VALUES('1#vincenza_murazik@gmail.com', '2022-06-03 12:20:00', '64 Lyme Dr. Little Falls, NJ 07424', '2022-06-03 13:20:00', '56 West Talbot St. Sylvania, OH 43560', 'DL15YW6959', 'jarrell00@maggio.com', 'vincenza_murazik@gmail.com', 13, 156);
INSERT INTO rides (receipt_no, pickup_time,pickup_loc, drop_time, drop_loc , vehicle_no, d_email, u_email, distance, fare) VALUES('1#kamille_kuphal@hotmail.com', '2022-06-04 12:30:00', 'Little Falls, NJ 07424 8990 Grandrose St.', '2022-06-04 13:30:00', 'Sylvania, OH 43560 18 E. Big Rock Cove Ave.', 'DL18BE9904', 'ttoy@robel.com', 'kamille_kuphal@hotmail.com', 26, 312);
INSERT INTO rides (receipt_no, pickup_time,pickup_loc, drop_time, drop_loc , vehicle_no, d_email, u_email, distance, fare) VALUES('1#lauriane_wunsch@hotmail.com', '2022-06-21 12:40:00', '8990 Grandrose St. Little Rock, AR 72209', '2022-06-21 13:40:00', '18 E. Big Rock Cove Ave. Streamwood, IL 60107', 'HR10BU4147', 'wilford.rath@huels.com', 'lauriane_wunsch@hotmail.com', 07, 84);
INSERT INTO rides (receipt_no, pickup_time,pickup_loc, drop_time, drop_loc , vehicle_no, d_email, u_email, distance, fare) VALUES('1#dane.casper@yahoo.com', '2022-07-06 12:50:00', 'Little Rock, AR 72209 9308 Anderson St.', '2022-07-06 13:50:00', 'Streamwood, IL 60107 280 Rocky River St.', 'HR13GF6193', 'lstiedemann@gmail.com', 'dane.casper@yahoo.com', 81, 972);
INSERT INTO rides (receipt_no, pickup_time,pickup_loc, drop_time, drop_loc , vehicle_no, d_email, u_email, distance, fare) VALUES('1#toby.morar19@gmail.com', '2022-07-12 13:00:00', '9308 Anderson St. Yonkers, NY 10701', '2022-07-12 14:00:00', '280 Rocky River St. Freeport, NY 11520', 'HR13ZZ1955', 'wdavis@gorczany.com', 'toby.morar19@gmail.com', 50, 600);
INSERT INTO rides (receipt_no, pickup_time,pickup_loc, drop_time, drop_loc , vehicle_no, d_email, u_email, distance, fare) VALUES('1#vinnie63@gmail.com', '2022-08-11 13:10:00', 'Yonkers, NY 10701 224 Queen Court', '2022-08-11 14:10:00', 'Freeport, NY 11520 889 Tailwater Ave.', 'HR15GV5116', 'gulgowski.ernie@russel.biz', 'vinnie63@gmail.com', 87, 1044);
INSERT INTO rides (receipt_no, pickup_time,pickup_loc, drop_time, drop_loc , vehicle_no, d_email, u_email, distance, fare) VALUES('1#mustafa73@yahoo.com', '2022-09-30 13:20:00', '224 Queen Court Marietta, GA 30008', '2022-09-30 14:20:00', '889 Tailwater Ave. Abingdon, MD 21009', 'UP11UH9855', 'jack54@yahoo.com', 'mustafa73@yahoo.com', 27, 324);
INSERT INTO rides (receipt_no, pickup_time,pickup_loc, drop_time, drop_loc , vehicle_no, d_email, u_email, distance, fare) VALUES('1#eugene92@yahoo.com', '2022-10-04 13:30:00', 'Marietta, GA 30008 8829 SW. Vine Street', '2022-10-04 14:30:00', 'Abingdon, MD 21009 6 Morris Court', 'UP12RZ1042', 'quinn.cronin@grimes.biz', 'eugene92@yahoo.com', 20, 240);
INSERT INTO rides (receipt_no, pickup_time,pickup_loc, drop_time, drop_loc , vehicle_no, d_email, u_email, distance, fare) VALUES('1#ottilie76@yahoo.com', '2022-12-16 13:40:00', '8829 SW. Vine Street Flemington, NJ 08822', '2022-12-16 14:40:00', '6 Morris Court Dallas, GA 30132', 'UP13BL3330', 'baby.mohr@kuhic.com', 'ottilie76@yahoo.com', 84, 1008);
INSERT INTO rides (receipt_no, pickup_time,pickup_loc, drop_time, drop_loc , vehicle_no, d_email, u_email, distance, fare) VALUES('1#hassan.beier@gmail.com', '2023-01-07 13:50:00', 'Flemington, NJ 08822 991 Augusta Lane', '2023-01-07 14:50:00', 'Dallas, GA 30132 84 N. Green Street', 'UP13TB3753', 'yjohnston@gmail.com', 'hassan.beier@gmail.com', 33, 396);
INSERT INTO rides (receipt_no, pickup_time,pickup_loc, drop_time, drop_loc , vehicle_no, d_email, u_email, distance, fare) VALUES('1#grady_bednar@yahoo.com', '2023-01-10 14:00:00', '991 Augusta Lane York, PA 17402', '2023-01-10 15:00:00', '84 N. Green Street Park Forest, IL 60466', 'UP16EA4749', 'sage.collins@hamill.biz', 'grady_bednar@yahoo.com', 79, 948);
INSERT INTO rides (receipt_no, pickup_time,pickup_loc, drop_time, drop_loc , vehicle_no, d_email, u_email, distance, fare) VALUES('1#henry_herzog81@hotmail.com', '2023-02-07 14:10:00', 'York, PA 17402 1 South Beech Road', '2023-02-07 15:10:00', 'Park Forest, IL 60466 959 High St.', 'UP16VH3045', 'delpha.nolan@crona.biz', 'henry_herzog81@hotmail.com', 76, 912);
INSERT INTO rides (receipt_no, pickup_time,pickup_loc, drop_time, drop_loc , vehicle_no, d_email, u_email, distance, fare) VALUES('1#daniel.mata68@hotmail.com', '2022-01-24 14:20:00', '1 South Beech Road Hermitage, TN 37076', '2022-01-24 15:20:00', '959 High St. Bloomfield, NJ 07003', 'WB19EM5934', 'mante.telly@hotmail.com', 'daniel.mata68@hotmail.com', 61, 732);
INSERT INTO rides (receipt_no, pickup_time,pickup_loc, drop_time, drop_loc , vehicle_no, d_email, u_email, distance, fare) VALUES('1#veronica_flores4@yahoo.com', '2022-02-05 14:30:00', 'Hermitage, TN 37076 382 Shadow Brook Drive', '2022-02-05 15:30:00', 'Bloomfield, NJ 07003 67 Wentworth Street', 'CH13LM5041', 'stiedemann.rhoda@hotmail.com', 'veronica_flores4@yahoo.com', 01, 12);
INSERT INTO rides (receipt_no, pickup_time,pickup_loc, drop_time, drop_loc , vehicle_no, d_email, u_email, distance, fare) VALUES('1#estela80@gmail.com', '2022-03-06 14:40:00', '382 Shadow Brook Drive Fort Lauderdale, FL 33308', '2022-03-06 15:40:00', '67 Wentworth Street Naugatuck, CT 06770', 'CH14RN7766', 'angela62@olson.org', 'estela80@gmail.com', 05, 60);
INSERT INTO rides (receipt_no, pickup_time,pickup_loc, drop_time, drop_loc , vehicle_no, d_email, u_email, distance, fare) VALUES('1#rosalia47@hotmail.com', '2022-04-03 14:50:00', 'Fort Lauderdale, FL 33308 29 E. Nut Swamp Street', '2022-04-03 15:50:00', 'Naugatuck, CT 06770 56 Bradford Dr.', 'CH15DO2180', 'keely.heller@romaguera.com', 'rosalia47@hotmail.com', 38, 456);
INSERT INTO rides (receipt_no, pickup_time,pickup_loc, drop_time, drop_loc , vehicle_no, d_email, u_email, distance, fare) VALUES('1#clemente57@gmail.com', '2022-04-18 15:00:00', '29 E. Nut Swamp Street Batavia, OH 45103', '2022-04-18 16:00:00', '56 Bradford Dr. Decatur, GA 30030', 'CH16MA1066', 'kaela.pfannerstill@yahoo.com', 'clemente57@gmail.com', 37, 444);
INSERT INTO rides (receipt_no, pickup_time,pickup_loc, drop_time, drop_loc , vehicle_no, d_email, u_email, distance, fare) VALUES('1#cristina.arreola94@yahoo.com', '2022-05-28 15:10:00', 'Batavia, OH 45103 87 College St.', '2022-05-28 16:10:00', 'Decatur, GA 30030 510 SW. Shipley Dr.', 'CH18CK2934', 'estella.cole@wilkinson.org', 'cristina.arreola94@yahoo.com', 34, 408);
INSERT INTO rides (receipt_no, pickup_time,pickup_loc, drop_time, drop_loc , vehicle_no, d_email, u_email, distance, fare) VALUES('1#ignacio38@hotmail.com', '2022-06-22 15:20:00', '87 College St. Syosset, NY 11791', '2022-06-22 16:20:00', '510 SW. Shipley Dr. Linden, NJ 07036', 'DL11QE1989', 'zetta38@yahoo.com', 'ignacio38@hotmail.com', 66, 792);
INSERT INTO rides (receipt_no, pickup_time,pickup_loc, drop_time, drop_loc , vehicle_no, d_email, u_email, distance, fare) VALUES('1#armando.valdes@gmail.com', '2022-07-04 15:30:00', 'Syosset, NY 11791 853 North Newcastle Ave.', '2022-07-04 16:30:00', 'Linden, NJ 07036 9618 Amherst Court', 'DL12FD9479', 'cruickshank.sterling@anderson.net', 'armando.valdes@gmail.com', 35, 420);
INSERT INTO rides (receipt_no, pickup_time,pickup_loc, drop_time, drop_loc , vehicle_no, d_email, u_email, distance, fare) VALUES('1#gabriel_olivera75@hotmail.com', '2022-07-05 15:40:00', '853 North Newcastle Ave. Danbury, CT 06810', '2022-07-05 16:40:00', '9618 Amherst Court Middle Village, NY 11379', 'DL13HJ5557', 'dkulas@crooks.com', 'gabriel_olivera75@hotmail.com', 68, 816);
INSERT INTO rides (receipt_no, pickup_time,pickup_loc, drop_time, drop_loc , vehicle_no, d_email, u_email, distance, fare) VALUES('1#francisco.osorio@gmail.com', '2022-07-13 15:50:00', 'Danbury, CT 06810 576 Addison Street', '2022-07-13 16:50:00', 'Middle Village, NY 11379 64 Arnold Ave.', 'DL15OT4827', 'gtorphy@rodriguez.info', 'francisco.osorio@gmail.com', 69, 828);
INSERT INTO rides (receipt_no, pickup_time,pickup_loc, drop_time, drop_loc , vehicle_no, d_email, u_email, distance, fare) VALUES('1#jaime_luevano46@yahoo.com', '2022-08-04 16:00:00', '576 Addison Street Lanham, MD 20706', '2022-08-04 17:00:00', '64 Arnold Ave. Durham, NC 27703', 'DL16EX2744', 'sabryna21@yahoo.com', 'jaime_luevano46@yahoo.com', 04, 48);
INSERT INTO rides (receipt_no, pickup_time,pickup_loc, drop_time, drop_loc , vehicle_no, d_email, u_email, distance, fare) VALUES('1#carmen3@yahoo.com', '2022-08-08 16:10:00', 'Lanham, MD 20706 78 Princess Drive', '2022-08-08 17:10:00', 'Durham, NC 27703 8599 N. Bayberry Lane', 'DL18QX5120', 'juvenal.ratke@kuvalis.biz', 'carmen3@yahoo.com', 17, 204);
INSERT INTO rides (receipt_no, pickup_time,pickup_loc, drop_time, drop_loc , vehicle_no, d_email, u_email, distance, fare) VALUES('1#gonzalo_saldivar@yahoo.com', '2022-09-15 16:20:00', '78 Princess Drive Elyria, OH 44035', '2022-09-15 17:20:00', '8599 N. Bayberry Lane Northbrook, IL 60062', 'DL19AF7781', 'ivory.shields@hotmail.com', 'gonzalo_saldivar@yahoo.com', 62, 744);
INSERT INTO rides (receipt_no, pickup_time,pickup_loc, drop_time, drop_loc , vehicle_no, d_email, u_email, distance, fare) VALUES('1#alfredo4@yahoo.com', '2022-09-21 16:30:00', 'Elyria, OH 44035 26 Oak Valley Drive', '2022-09-21 17:30:00', 'Northbrook, IL 60062 8920 Linda St.', 'HR11RJ9228', 'alycia.hoppe@aufderhar.com', 'alfredo4@yahoo.com', 96, 1152);
INSERT INTO rides (receipt_no, pickup_time,pickup_loc, drop_time, drop_loc , vehicle_no, d_email, u_email, distance, fare) VALUES('1#concepcion.pichardo88@gmail.com', '2022-09-28 16:40:00', '26 Oak Valley Drive Strongsville, OH 44136', '2022-09-28 17:40:00', '8920 Linda St. Piqua, OH 45356', 'HR18SH4527', 'grady.cooper@gmail.com', 'concepcion.pichardo88@gmail.com', 31, 372);
INSERT INTO rides (receipt_no, pickup_time,pickup_loc, drop_time, drop_loc , vehicle_no, d_email, u_email, distance, fare) VALUES('1#eduardo99@gmail.com', '2022-10-11 16:50:00', 'Strongsville, OH 44136 136 Valley Dr.', '2022-10-11 17:50:00', 'Piqua, OH 45356 9175 South 1st Street', 'UP10RE7407', 'larkin.nolan@raynor.com', 'eduardo99@gmail.com', 85, 1020);
INSERT INTO rides (receipt_no, pickup_time,pickup_loc, drop_time, drop_loc , vehicle_no, d_email, u_email, distance, fare) VALUES('1#dorotea.ayala@yahoo.com', '2022-10-21 17:00:00', '136 Valley Dr. San Antonio, TX 78213', '2022-10-21 18:00:00', '9175 South 1st Street Memphis, TN 38106', 'UP11XY8345', 'kathleen.brakus@yahoo.com', 'dorotea.ayala@yahoo.com', 41, 492);
INSERT INTO rides (receipt_no, pickup_time,pickup_loc, drop_time, drop_loc , vehicle_no, d_email, u_email, distance, fare) VALUES('1#miguel.guerrero45@hotmail.com', '2022-11-09 17:10:00', 'San Antonio, TX 78213 7 Cherry Drive', '2022-11-09 18:10:00', 'Memphis, TN 38106 8231 North Hamilton St.', 'UP11ZC3305', 'gaston40@yahoo.com', 'miguel.guerrero45@hotmail.com', 09, 108);
INSERT INTO rides (receipt_no, pickup_time,pickup_loc, drop_time, drop_loc , vehicle_no, d_email, u_email, distance, fare) VALUES('1#berta_magana@gmail.com', '2022-11-14 17:20:00', '7 Cherry Drive Greenwood, SC 29646', '2022-11-14 18:20:00', '8231 North Hamilton St. Depew, NY 14043', 'UP12TV7529', 'ganderson@kuphal.org', 'berta_magana@gmail.com', 45, 540);
INSERT INTO rides (receipt_no, pickup_time,pickup_loc, drop_time, drop_loc , vehicle_no, d_email, u_email, distance, fare) VALUES('1#elena64@gmail.com', '2022-11-30 17:30:00', 'Greenwood, SC 29646 233 Shady Ave.', '2022-11-30 18:30:00', 'Depew, NY 14043 28 Laurel Drive', 'UP14JC2429', 'blangworth@hotmail.com', 'elena64@gmail.com', 10, 120);
INSERT INTO rides (receipt_no, pickup_time,pickup_loc, drop_time, drop_loc , vehicle_no, d_email, u_email, distance, fare) VALUES('1#guillermo_palacios@gmail.com', '2022-12-10 17:40:00', '233 Shady Ave. Vicksburg, MS 39180', '2022-12-10 18:40:00', '28 Laurel Drive Wantagh, NY 11793', 'UP14LQ5787', 'emile38@mraz.info', 'guillermo_palacios@gmail.com', 16, 192);
INSERT INTO rides (receipt_no, pickup_time,pickup_loc, drop_time, drop_loc , vehicle_no, d_email, u_email, distance, fare) VALUES('1#julio63@yahoo.com', '2023-01-08 17:50:00', 'Vicksburg, MS 39180 130 Olive Rd.', '2023-01-08 18:50:00', 'Wantagh, NY 11793 9730 Lake View Ave.', 'UP15BY5398', 'micheal.heller@gmail.com', 'julio63@yahoo.com', 57, 684);
INSERT INTO rides (receipt_no, pickup_time,pickup_loc, drop_time, drop_loc , vehicle_no, d_email, u_email, distance, fare) VALUES('1#gustavo91@gmail.com', '2023-01-13 18:00:00', '130 Olive Rd. Homestead, FL 33030', '2023-01-13 19:00:00', '9730 Lake View Ave. Dalton, GA 30721', 'UP16RW9922', 'elvie78@hotmail.com', 'gustavo91@gmail.com', 44, 528);
INSERT INTO rides (receipt_no, pickup_time,pickup_loc, drop_time, drop_loc , vehicle_no, d_email, u_email, distance, fare) VALUES('1#lourdes.holguin44@hotmail.com', '2023-02-02 18:10:00', 'Homestead, FL 33030 7206 West 6th Court', '2023-02-02 19:10:00', 'Dalton, GA 30721 6 Marshall Lane', 'UP17GD2374', 'bernita81@yahoo.com', 'lourdes.holguin44@hotmail.com', 48, 576);
INSERT INTO rides (receipt_no, pickup_time,pickup_loc, drop_time, drop_loc , vehicle_no, d_email, u_email, distance, fare) VALUES('1#antonio84@yahoo.com', '2023-02-10 18:20:00', '7206 West 6th Court Marion, NC 28752', '2023-02-10 19:20:00', '6 Marshall Lane Canonsburg, PA 15317', 'UP18DL6899', 'laura.breitenberg@kirlin.net', 'antonio84@yahoo.com', 24, 288);
INSERT INTO rides (receipt_no, pickup_time,pickup_loc, drop_time, drop_loc , vehicle_no, d_email, u_email, distance, fare) VALUES('1#esperanza.romero56@hotmail.com', '2022-01-19 18:30:00', 'Marion, NC 28752 21 River St.', '2022-01-19 19:30:00', 'Canonsburg, PA 15317 8037 Halifax Ave.', 'UP18LQ6815', 'pbartoletti@hotmail.com', 'esperanza.romero56@hotmail.com', 30, 360);
INSERT INTO rides (receipt_no, pickup_time,pickup_loc, drop_time, drop_loc , vehicle_no, d_email, u_email, distance, fare) VALUES('1#anamaria.griego@gmail.com', '2022-01-25 18:40:00', '21 River St. Grand Haven, MI 49417', '2022-01-25 19:40:00', '8037 Halifax Ave. Charlotte, NC 28205', 'WB12KD5477', 'mna50@yahoo.com', 'anamaria.griego@gmail.com', 60, 720);
INSERT INTO rides (receipt_no, pickup_time,pickup_loc, drop_time, drop_loc , vehicle_no, d_email, u_email, distance, fare) VALUES('1#raquel.tafoya91@yahoo.com', '2022-01-31 18:50:00', 'Grand Haven, MI 49417 89 Tailwater St.', '2022-01-31 19:50:00', 'Charlotte, NC 28205 437 Piper Street', 'WB14OS3873', 'iynas_asar15@yahoo.com', 'raquel.tafoya91@yahoo.com', 36, 432);
INSERT INTO rides (receipt_no, pickup_time,pickup_loc, drop_time, drop_loc , vehicle_no, d_email, u_email, distance, fare) VALUES('1#miguel28@yahoo.com', '2022-02-20 19:00:00', '89 Tailwater St. Seymour, IN 47274', '2022-02-20 20:00:00', '437 Piper Street Medford, MA 02155', 'WB14QI7143', 'fatmh90@yahoo.com', 'miguel28@yahoo.com', 59, 708);
INSERT INTO rides (receipt_no, pickup_time,pickup_loc, drop_time, drop_loc , vehicle_no, d_email, u_email, distance, fare) VALUES('1#adriana60@yahoo.com', '2022-03-03 19:10:00', 'Seymour, IN 47274 8451 NW. Oak Meadow St.', '2022-03-03 20:10:00', 'Medford, MA 02155 8347 Second Dr.', 'WB15VB8384', 'rqyh_hazm32@gmail.com', 'adriana60@yahoo.com', 95, 1140);
INSERT INTO rides (receipt_no, pickup_time,pickup_loc, drop_time, drop_loc , vehicle_no, d_email, u_email, distance, fare) VALUES('1#bernardo.barrios59@yahoo.com', '2022-03-21 19:20:00', '8451 NW. Oak Meadow St. Colonial Heights, VA 23834', '2022-03-21 20:20:00', '8347 Second Dr. Henderson, KY 42420', 'WB17LO3857', 'hsn_salm28@gmail.com', 'bernardo.barrios59@yahoo.com', 23, 276);
INSERT INTO rides (receipt_no, pickup_time,pickup_loc, drop_time, drop_loc , vehicle_no, d_email, u_email, distance, fare) VALUES('1#daniela.olivo83@yahoo.com', '2022-04-02 19:30:00', 'Colonial Heights, VA 23834 9773 Foster Ave.', '2022-04-02 20:30:00', 'Henderson, KY 42420 31 Acacia Lane', 'CH13RX6149', 'dana_aarf@gmail.com', 'daniela.olivo83@yahoo.com', 29, 348);
INSERT INTO rides (receipt_no, pickup_time,pickup_loc, drop_time, drop_loc , vehicle_no, d_email, u_email, distance, fare) VALUES('1#mariateresa_cordova@gmail.com', '2022-04-20 19:40:00', '9773 Foster Ave. Ooltewah, TN 37363', '2022-04-20 20:40:00', '31 Acacia Lane Norman, OK 73072', 'DL10KH2035', 'aayh_slah16@hotmail.com', 'mariateresa_cordova@gmail.com', 39, 468);
INSERT INTO rides (receipt_no, pickup_time,pickup_loc, drop_time, drop_loc , vehicle_no, d_email, u_email, distance, fare) VALUES('1#jorgeluis7@hotmail.com', '2022-04-27 19:50:00', 'Ooltewah, TN 37363 920 E. Lake Forest Drive', '2022-04-27 20:50:00', 'Norman, OK 73072 9 Edgewood St.', 'DL12SL6150', 'iynas91@hotmail.com', 'jorgeluis7@hotmail.com', 52, 624);
INSERT INTO rides (receipt_no, pickup_time,pickup_loc, drop_time, drop_loc , vehicle_no, d_email, u_email, distance, fare) VALUES('1#marilu29@gmail.com', '2022-05-13 20:00:00', '920 E. Lake Forest Drive Suite 3', '2022-05-13 21:00:00', '9 Edgewood St. Westport, CT 06880', 'DL13QM2994', 'zynb34@yahoo.com', 'marilu29@gmail.com', 42, 504);
INSERT INTO rides (receipt_no, pickup_time,pickup_loc, drop_time, drop_loc , vehicle_no, d_email, u_email, distance, fare) VALUES('1#veronica44@hotmail.com', '2022-06-08 20:10:00', 'Suite 3 Webster, NY 14580', '2022-06-08 21:10:00', 'Westport, CT 06880 7768 North University Road', 'DL14OV5251', 'hazm75@hotmail.com', 'veronica44@hotmail.com', 80, 960);
INSERT INTO rides (receipt_no, pickup_time,pickup_loc, drop_time, drop_loc , vehicle_no, d_email, u_email, distance, fare) VALUES('1#eva_carrillo40@gmail.com', '2022-07-13 20:20:00', 'Webster, NY 14580 319 Cypress Drive', '2022-07-13 21:20:00', '7768 North University Road Pembroke Pines, FL 33028', 'DL17GV1721', 'aadm10@gmail.com', 'eva_carrillo40@gmail.com', 91, 1092);
INSERT INTO rides (receipt_no, pickup_time,pickup_loc, drop_time, drop_loc , vehicle_no, d_email, u_email, distance, fare) VALUES('1#mariaeugenia_sierra3@hotmail.com', '2022-07-16 20:30:00', '319 Cypress Drive Saratoga Springs, NY 12866', '2022-07-16 21:30:00', 'Pembroke Pines, FL 33028 9 Mulberry Ave.', 'DL18HJ5764', 'sayd18@gmail.com', 'mariaeugenia_sierra3@hotmail.com', 06, 72);
INSERT INTO rides (receipt_no, pickup_time,pickup_loc, drop_time, drop_loc , vehicle_no, d_email, u_email, distance, fare) VALUES('1#marta_cano@gmail.com', '2022-08-01 20:40:00', 'Saratoga Springs, NY 12866 8693 Jackson Street', '2022-08-01 21:40:00', '9 Mulberry Ave. Clementon, NJ 08021', 'DL18XE7705', 'rna40@gmail.com', 'marta_cano@gmail.com', 08, 96);
INSERT INTO rides (receipt_no, pickup_time,pickup_loc, drop_time, drop_loc , vehicle_no, d_email, u_email, distance, fare) VALUES('1#berta.fajardo58@hotmail.com', '2022-08-29 20:50:00', '8693 Jackson Street Lebanon, PA 17042', '2022-08-29 21:50:00', 'Clementon, NJ 08021 7425 Third Avenue', 'HR10OE3155', 'fryd.farwq80@yahoo.com', 'berta.fajardo58@hotmail.com', 78, 936);
INSERT INTO rides (receipt_no, pickup_time,pickup_loc, drop_time, drop_loc , vehicle_no, d_email, u_email, distance, fare) VALUES('1#mercedes.colon@hotmail.com', '2022-09-19 21:00:00', 'Lebanon, PA 17042 2 University Drive', '2022-09-19 22:00:00', '7425 Third Avenue Wyandotte, MI 48192', 'HR13UB3004', 'rbya75@gmail.com', 'mercedes.colon@hotmail.com', 00, 0);
INSERT INTO rides (receipt_no, pickup_time,pickup_loc, drop_time, drop_loc , vehicle_no, d_email, u_email, distance, fare) VALUES('1#gilberto_valentin41@hotmail.com', '2022-10-17 21:10:00', '2 University Drive Leesburg, VA 20175', '2022-10-17 22:10:00', 'Wyandotte, MI 48192 310 School St.', 'HR18ZN7646', 'mna_aqyl@hotmail.com', 'gilberto_valentin41@hotmail.com', 02, 24);
INSERT INTO rides (receipt_no, pickup_time,pickup_loc, drop_time, drop_loc , vehicle_no, d_email, u_email, distance, fare) VALUES('1#magdalena13@gmail.com', '2022-10-28 21:20:00', 'Leesburg, VA 20175 8267 Gartner Ave.', '2022-10-28 22:20:00', '310 School St. Lewis Center, OH 43035', 'UP10TH1209', 'abyr73@gmail.com', 'magdalena13@gmail.com', 99, 1188);
INSERT INTO rides (receipt_no, pickup_time,pickup_loc, drop_time, drop_loc , vehicle_no, d_email, u_email, distance, fare) VALUES('1#teodoro16@hotmail.com', '2022-11-09 21:30:00', '8267 Gartner Ave. Johnston, RI 02919', '2022-11-09 22:30:00', 'Lewis Center, OH 43035 75 Wagon St.', 'UP14DM3654', 'sayd_blal@yahoo.com', 'teodoro16@hotmail.com', 93, 1116);
INSERT INTO rides (receipt_no, pickup_time,pickup_loc, drop_time, drop_loc , vehicle_no, d_email, u_email, distance, fare) VALUES('1#rebeca.malave16@hotmail.com', '2022-11-18 21:40:00', 'Johnston, RI 02919 97 Riverview Court', '2022-11-18 22:40:00', '75 Wagon St. Clover, SC 29710', 'UP14FM2620', 'aadm.azyz17@hotmail.com', 'rebeca.malave16@hotmail.com', 25, 300);
INSERT INTO rides (receipt_no, pickup_time,pickup_loc, drop_time, drop_loc , vehicle_no, d_email, u_email, distance, fare) VALUES('1#claudio_estrada@yahoo.com', '2022-11-23 21:50:00', '97 Riverview Court Smyrna, GA 30080', '2022-11-23 22:50:00', 'Clover, SC 29710 67 St Margarets Lane', 'UP14IL8289', 'salm_aashwr@gmail.com', 'claudio_estrada@yahoo.com', 14, 168);
INSERT INTO rides (receipt_no, pickup_time,pickup_loc, drop_time, drop_loc , vehicle_no, d_email, u_email, distance, fare) VALUES('1#maricarmen.saldivar22@hotmail.com', '2022-12-03 22:00:00', 'Smyrna, GA 30080 783 North Essex Drive', '2022-12-03 23:00:00', '67 St Margarets Lane Lincolnton, NC 28092', 'UP17OJ6178', 'asamh25@gmail.com', 'maricarmen.saldivar22@hotmail.com', 92, 1104);
INSERT INTO rides (receipt_no, pickup_time,pickup_loc, drop_time, drop_loc , vehicle_no, d_email, u_email, distance, fare) VALUES('1#marialuisa.abreu@gmail.com', '2022-12-24 22:10:00', '783 North Essex Drive Opa Locka, FL 33054', '2022-12-24 23:10:00', 'Lincolnton, NC 28092 337 Riverview Drive', 'WB16GT4196', 'iyhab_aashwr69@yahoo.com', 'marialuisa.abreu@gmail.com', 15, 180);
INSERT INTO rides (receipt_no, pickup_time,pickup_loc, drop_time, drop_loc , vehicle_no, d_email, u_email, distance, fare) VALUES('1#catalina.carrillo40@hotmail.com', '2022-12-31 22:20:00', 'Opa Locka, FL 33054 80 Griffin Dr.', '2022-12-31 23:20:00', '337 Riverview Drive Port Huron, MI 48060', 'WB18FW4237', 'hajr3@yahoo.com', 'catalina.carrillo40@hotmail.com', 32, 384);
INSERT INTO rides (receipt_no, pickup_time,pickup_loc, drop_time, drop_loc , vehicle_no, d_email, u_email, distance, fare) VALUES('1#raquel_haro82@gmail.com', '2023-01-26 22:30:00', '80 Griffin Dr. Largo, FL 33771', '2023-01-26 23:30:00', 'Port Huron, MI 48060 9771 Gainsway Dr.', 'WB19TI4142', 'sayd_hashm15@hotmail.com', 'raquel_haro82@gmail.com', 72, 864);